-- MariaDB dump 10.17  Distrib 10.4.15-MariaDB, for Linux (x86_64)
--
-- Host: mysql.hostinger.ro    Database: u574849695_25
-- ------------------------------------------------------
-- Server version	10.4.15-MariaDB-cll-lve

/*!40101 SET @OLD_CHARACTER_SET_CLIENT=@@CHARACTER_SET_CLIENT */;
/*!40101 SET @OLD_CHARACTER_SET_RESULTS=@@CHARACTER_SET_RESULTS */;
/*!40101 SET @OLD_COLLATION_CONNECTION=@@COLLATION_CONNECTION */;
/*!40101 SET NAMES utf8mb4 */;
/*!40103 SET @OLD_TIME_ZONE=@@TIME_ZONE */;
/*!40103 SET TIME_ZONE='+00:00' */;
/*!40014 SET @OLD_UNIQUE_CHECKS=@@UNIQUE_CHECKS, UNIQUE_CHECKS=0 */;
/*!40014 SET @OLD_FOREIGN_KEY_CHECKS=@@FOREIGN_KEY_CHECKS, FOREIGN_KEY_CHECKS=0 */;
/*!40101 SET @OLD_SQL_MODE=@@SQL_MODE, SQL_MODE='NO_AUTO_VALUE_ON_ZERO' */;
/*!40111 SET @OLD_SQL_NOTES=@@SQL_NOTES, SQL_NOTES=0 */;

--
-- Table structure for table `communities`
--

DROP TABLE IF EXISTS `communities`;
/*!40101 SET @saved_cs_client     = @@character_set_client */;
/*!40101 SET character_set_client = utf8 */;
CREATE TABLE `communities` (
  `id` bigint(20) unsigned NOT NULL AUTO_INCREMENT,
  `name` varchar(150) COLLATE utf8mb4_unicode_ci DEFAULT NULL,
  `admin_user_id` bigint(20) unsigned DEFAULT NULL,
  PRIMARY KEY (`id`),
  KEY `communities_name_idx` (`name`),
  KEY `admin_user_id` (`admin_user_id`),
  CONSTRAINT `communities_ibfk_1` FOREIGN KEY (`admin_user_id`) REFERENCES `users` (`id`) ON DELETE SET NULL ON UPDATE CASCADE
) ENGINE=InnoDB AUTO_INCREMENT=101 DEFAULT CHARSET=utf8mb4 COLLATE=utf8mb4_unicode_ci;
/*!40101 SET character_set_client = @saved_cs_client */;

--
-- Dumping data for table `communities`
--

LOCK TABLES `communities` WRITE;
/*!40000 ALTER TABLE `communities` DISABLE KEYS */;
INSERT INTO `communities` VALUES (1,'blanditiis',1),(2,'aut',2),(3,'voluptatem',3),(4,'voluptatem',4),(5,'incidunt',5),(6,'enim',6),(7,'sequi',7),(8,'omnis',8),(9,'voluptatibus',9),(10,'occaecati',10),(11,'necessitatibus',11),(12,'accusamus',12),(13,'enim',13),(14,'modi',14),(15,'ipsum',15),(16,'quaerat',16),(17,'et',17),(18,'consectetur',18),(19,'modi',19),(20,'nobis',20),(21,'ut',21),(22,'deleniti',22),(23,'expedita',23),(24,'vitae',24),(25,'sit',25),(26,'quia',26),(27,'et',27),(28,'dolorem',28),(29,'expedita',29),(30,'omnis',30),(31,'voluptas',31),(32,'recusandae',32),(33,'quod',33),(34,'nulla',34),(35,'ut',35),(36,'excepturi',36),(37,'quia',37),(38,'similique',38),(39,'sit',39),(40,'nihil',40),(41,'nihil',41),(42,'rerum',42),(43,'aperiam',43),(44,'cum',44),(45,'eveniet',45),(46,'et',46),(47,'consequatur',47),(48,'laborum',48),(49,'harum',49),(50,'aliquam',50),(51,'dolorum',51),(52,'nisi',52),(53,'inventore',53),(54,'non',54),(55,'nostrum',55),(56,'omnis',56),(57,'qui',57),(58,'nostrum',58),(59,'est',59),(60,'quia',60),(61,'doloribus',61),(62,'vel',62),(63,'praesentium',63),(64,'mollitia',64),(65,'natus',65),(66,'nihil',66),(67,'sed',67),(68,'id',68),(69,'et',69),(70,'vel',70),(71,'doloribus',71),(72,'unde',72),(73,'dicta',73),(74,'blanditiis',74),(75,'tenetur',75),(76,'dignissimos',76),(77,'autem',77),(78,'temporibus',78),(79,'voluptas',79),(80,'aspernatur',80),(81,'at',81),(82,'quos',82),(83,'eum',83),(84,'in',84),(85,'qui',85),(86,'aut',86),(87,'deleniti',87),(88,'nam',88),(89,'perspiciatis',89),(90,'nobis',90),(91,'repellat',91),(92,'harum',92),(93,'sunt',93),(94,'laudantium',94),(95,'placeat',95),(96,'dolores',96),(97,'sed',97),(98,'perspiciatis',98),(99,'est',99),(100,'vitae',100);
/*!40000 ALTER TABLE `communities` ENABLE KEYS */;
UNLOCK TABLES;

--
-- Table structure for table `friend_requests`
--

DROP TABLE IF EXISTS `friend_requests`;
/*!40101 SET @saved_cs_client     = @@character_set_client */;
/*!40101 SET character_set_client = utf8 */;
CREATE TABLE `friend_requests` (
  `initiator_user_id` bigint(20) unsigned NOT NULL,
  `target_user_id` bigint(20) unsigned NOT NULL,
  `status` enum('requested','approved','declined','unfriended') COLLATE utf8mb4_unicode_ci DEFAULT NULL,
  `requested_at` datetime DEFAULT current_timestamp(),
  `updated_at` datetime DEFAULT NULL ON UPDATE current_timestamp(),
  PRIMARY KEY (`initiator_user_id`,`target_user_id`),
  KEY `target_user_id` (`target_user_id`),
  CONSTRAINT `friend_requests_ibfk_1` FOREIGN KEY (`initiator_user_id`) REFERENCES `users` (`id`) ON DELETE CASCADE ON UPDATE CASCADE,
  CONSTRAINT `friend_requests_ibfk_2` FOREIGN KEY (`target_user_id`) REFERENCES `users` (`id`) ON DELETE CASCADE ON UPDATE CASCADE
) ENGINE=InnoDB DEFAULT CHARSET=utf8mb4 COLLATE=utf8mb4_unicode_ci;
/*!40101 SET character_set_client = @saved_cs_client */;

--
-- Dumping data for table `friend_requests`
--

LOCK TABLES `friend_requests` WRITE;
/*!40000 ALTER TABLE `friend_requests` DISABLE KEYS */;
INSERT INTO `friend_requests` VALUES (1,1,'unfriended','1992-04-28 18:37:16','1988-02-26 08:26:47'),(2,2,'requested','2016-12-16 11:11:59','2003-02-28 13:37:11'),(3,3,'unfriended','2018-09-12 13:18:45','1970-01-03 19:10:27'),(4,4,'unfriended','1978-03-01 17:06:23','1975-01-03 07:55:43'),(5,5,'approved','1975-02-04 07:08:04','2016-06-13 13:02:08'),(6,6,'unfriended','1986-06-11 20:57:45','1973-04-01 21:01:35'),(7,7,'approved','2013-04-05 17:43:36','1989-04-05 01:05:02'),(8,8,'requested','2016-05-20 02:28:30','2015-03-28 07:20:24'),(9,9,'requested','1978-11-04 01:59:47','1983-05-14 12:38:50'),(10,10,'declined','1988-11-15 15:45:38','1970-08-18 16:24:42'),(11,11,'requested','1997-11-25 18:28:25','1970-06-25 23:43:11'),(12,12,'requested','2011-11-29 09:59:10','2012-03-15 22:36:59'),(13,13,'requested','1980-09-07 01:02:37','1998-12-09 20:12:38'),(14,14,'unfriended','2018-01-23 09:55:55','2011-06-22 23:08:18'),(15,15,'unfriended','2003-02-07 03:56:06','2020-10-20 21:51:24'),(16,16,'unfriended','2004-04-15 17:30:11','1982-03-07 15:45:16'),(17,17,'approved','2017-04-11 13:00:07','1992-11-17 08:22:53'),(18,18,'unfriended','1994-07-25 13:37:56','1995-10-16 23:45:53'),(19,19,'approved','1988-08-31 09:38:12','1978-04-11 10:09:00'),(20,20,'approved','2017-05-05 15:55:05','1994-12-12 06:19:54'),(21,21,'unfriended','1985-05-28 16:48:40','2019-07-15 08:15:46'),(22,22,'declined','2006-02-11 16:30:16','2013-01-22 09:33:37'),(23,23,'requested','2008-07-02 08:46:00','2004-11-26 21:52:58'),(24,24,'approved','2004-09-11 05:48:33','2006-06-24 05:32:29'),(25,25,'unfriended','1979-11-01 00:29:00','1990-03-22 03:34:45'),(26,26,'declined','1995-05-10 10:45:00','2000-05-18 04:03:49'),(27,27,'unfriended','1974-06-16 02:43:55','2001-02-15 19:38:05'),(28,28,'unfriended','2010-12-20 05:55:55','1998-11-21 10:07:25'),(29,29,'requested','1991-03-31 14:53:13','1997-03-08 03:35:48'),(30,30,'requested','1994-11-02 10:08:01','1976-12-07 00:32:51'),(31,31,'requested','2020-05-31 10:57:26','1988-11-21 04:22:41'),(32,32,'requested','1980-07-16 02:55:42','2020-11-29 01:03:34'),(33,33,'requested','1997-09-14 21:18:20','2007-10-07 03:23:58'),(34,34,'declined','1988-09-06 19:59:31','1972-02-18 18:30:09'),(35,35,'approved','1986-06-04 12:29:47','1986-05-06 23:37:28'),(36,36,'declined','2005-11-30 09:52:26','2021-04-12 12:25:45'),(37,37,'approved','1986-09-07 20:17:42','1976-03-26 08:49:57'),(38,38,'declined','2010-11-19 18:11:21','1988-02-08 18:51:34'),(39,39,'unfriended','2004-02-29 03:40:50','1987-09-04 12:50:24'),(40,40,'approved','1977-02-20 00:54:15','1980-03-15 08:35:53'),(41,41,'declined','1992-10-30 17:34:58','1983-05-16 04:18:00'),(42,42,'requested','1988-02-27 06:24:57','1982-09-29 21:47:28'),(43,43,'declined','1982-05-16 14:23:47','1992-04-29 20:03:34'),(44,44,'approved','2003-08-28 12:42:39','1983-09-03 07:13:37'),(45,45,'unfriended','1979-03-31 22:01:59','1982-03-23 14:58:25'),(46,46,'approved','2011-10-22 13:35:08','2003-11-19 02:12:39'),(47,47,'approved','2003-08-04 02:17:16','2021-01-18 01:29:43'),(48,48,'declined','1986-06-11 03:11:24','1972-09-23 14:28:45'),(49,49,'unfriended','1979-04-10 06:16:07','1974-02-06 10:12:49'),(50,50,'approved','1989-02-06 13:36:32','2016-06-03 00:17:59'),(51,51,'requested','1973-09-26 16:22:38','1984-01-25 05:23:43'),(52,52,'requested','1972-02-14 17:02:07','1981-11-15 12:30:48'),(53,53,'unfriended','2007-06-26 11:23:18','2007-10-16 11:53:10'),(54,54,'requested','1973-05-17 13:35:27','1982-01-13 08:58:44'),(55,55,'requested','1993-10-21 06:48:57','1979-03-22 21:44:11'),(56,56,'unfriended','1988-07-07 16:06:04','1972-08-06 01:43:38'),(57,57,'unfriended','2009-06-30 00:48:39','2018-02-24 04:47:03'),(58,58,'unfriended','1997-11-29 14:45:47','2005-12-26 13:59:19'),(59,59,'approved','2015-04-15 11:11:46','1971-10-14 12:28:32'),(60,60,'unfriended','1993-07-01 16:15:43','1979-10-12 16:38:03'),(61,61,'unfriended','2000-12-04 12:07:22','1991-02-26 22:25:17'),(62,62,'unfriended','1995-11-18 06:31:07','2009-07-18 16:32:28'),(63,63,'requested','1982-01-07 10:57:23','1998-09-23 11:10:44'),(64,64,'declined','1987-06-05 12:31:44','2002-12-19 16:21:45'),(65,65,'approved','1985-06-20 07:25:40','2016-01-12 20:36:16'),(66,66,'approved','1993-07-07 14:53:20','1977-08-01 07:03:13'),(67,67,'requested','1994-08-18 10:21:46','1983-11-16 16:23:10'),(68,68,'approved','2005-04-10 21:54:30','2005-09-17 03:37:59'),(69,69,'requested','2010-04-29 17:09:59','2016-10-28 00:37:43'),(70,70,'unfriended','2010-08-20 04:46:21','1979-11-02 17:24:46'),(71,71,'unfriended','1985-08-25 22:35:53','1999-03-15 07:56:21'),(72,72,'unfriended','1991-08-26 22:49:44','1975-03-16 00:35:34'),(73,73,'declined','2008-02-08 15:23:33','2001-02-05 06:32:19'),(74,74,'unfriended','2002-12-10 06:59:23','1975-06-03 18:36:53'),(75,75,'approved','2014-10-22 19:11:53','1990-08-04 12:44:47'),(76,76,'approved','2007-06-02 22:54:02','2021-05-06 15:44:07'),(77,77,'declined','1985-05-17 23:13:23','2004-07-23 03:00:57'),(78,78,'declined','2020-02-14 14:46:32','1985-11-09 04:11:33'),(79,79,'declined','2011-07-20 18:54:30','2014-04-21 08:20:53'),(80,80,'requested','2013-08-10 00:15:30','2011-05-10 14:13:48'),(81,81,'approved','1979-05-06 04:54:58','2002-12-07 06:27:49'),(82,82,'approved','2017-06-30 18:28:01','2020-11-25 17:43:35'),(83,83,'unfriended','1986-03-21 22:07:28','1990-11-01 20:14:47'),(84,84,'requested','2013-11-19 21:20:04','2010-09-01 03:36:26'),(85,85,'requested','1996-11-04 23:13:13','1980-11-25 02:48:20'),(86,86,'declined','1995-09-21 21:26:39','1980-04-16 03:31:27'),(87,87,'unfriended','2008-12-15 08:51:52','1992-06-21 04:52:51'),(88,88,'unfriended','1982-03-24 02:00:15','1994-12-03 15:24:43'),(89,89,'approved','2010-03-16 12:05:20','1971-08-06 12:18:48'),(90,90,'requested','1978-11-21 02:02:55','1971-02-02 09:19:23'),(91,91,'declined','2010-06-06 21:58:27','2009-08-25 22:17:57'),(92,92,'unfriended','2001-01-30 06:31:53','1975-08-22 22:16:36'),(93,93,'declined','1989-12-05 15:31:51','1998-09-10 14:45:06'),(94,94,'requested','2016-11-22 02:07:00','2008-04-04 19:16:07'),(95,95,'declined','1981-12-12 15:06:29','1988-02-23 09:25:12'),(96,96,'requested','1970-08-16 14:26:57','2009-10-18 00:10:06'),(97,97,'unfriended','2021-02-08 16:05:20','1985-09-06 03:21:04'),(98,98,'declined','2015-10-17 15:24:33','1979-10-22 12:29:23'),(99,99,'requested','2014-08-16 09:14:14','2011-10-22 00:43:20'),(100,100,'approved','2013-09-07 14:12:45','1971-08-06 05:36:20');
/*!40000 ALTER TABLE `friend_requests` ENABLE KEYS */;
UNLOCK TABLES;

--
-- Table structure for table `likes`
--

DROP TABLE IF EXISTS `likes`;
/*!40101 SET @saved_cs_client     = @@character_set_client */;
/*!40101 SET character_set_client = utf8 */;
CREATE TABLE `likes` (
  `id` bigint(20) unsigned NOT NULL AUTO_INCREMENT,
  `user_id` bigint(20) unsigned NOT NULL,
  `media_id` bigint(20) unsigned NOT NULL,
  `created_at` datetime DEFAULT current_timestamp(),
  PRIMARY KEY (`id`),
  KEY `user_id` (`user_id`),
  KEY `media_id` (`media_id`),
  CONSTRAINT `likes_ibfk_1` FOREIGN KEY (`user_id`) REFERENCES `users` (`id`) ON DELETE CASCADE ON UPDATE CASCADE,
  CONSTRAINT `likes_ibfk_2` FOREIGN KEY (`media_id`) REFERENCES `media` (`id`) ON DELETE CASCADE ON UPDATE CASCADE
) ENGINE=InnoDB AUTO_INCREMENT=101 DEFAULT CHARSET=utf8mb4 COLLATE=utf8mb4_unicode_ci;
/*!40101 SET character_set_client = @saved_cs_client */;

--
-- Dumping data for table `likes`
--

LOCK TABLES `likes` WRITE;
/*!40000 ALTER TABLE `likes` DISABLE KEYS */;
INSERT INTO `likes` VALUES (1,1,1,'1999-04-17 19:41:25'),(2,2,2,'2016-08-16 16:13:00'),(3,3,3,'2011-08-11 11:39:54'),(4,4,4,'1989-04-04 23:47:21'),(5,5,5,'1980-12-21 21:53:43'),(6,6,6,'2001-02-19 20:05:26'),(7,7,7,'1970-05-01 07:12:22'),(8,8,8,'1982-01-30 17:28:38'),(9,9,9,'2018-11-14 07:19:13'),(10,10,10,'1972-04-01 05:42:36'),(11,11,11,'1977-07-17 14:30:22'),(12,12,12,'2001-06-30 23:15:14'),(13,13,13,'2008-06-12 13:23:39'),(14,14,14,'2012-03-14 12:38:11'),(15,15,15,'2015-09-15 19:41:57'),(16,16,16,'2021-02-25 06:29:26'),(17,17,17,'2014-04-21 18:34:34'),(18,18,18,'1973-07-21 19:01:17'),(19,19,19,'1980-01-02 15:19:17'),(20,20,20,'1975-10-08 13:21:07'),(21,21,21,'2010-06-28 15:12:39'),(22,22,22,'1991-10-26 03:14:51'),(23,23,23,'1991-05-27 22:22:39'),(24,24,24,'1974-12-04 03:47:29'),(25,25,25,'1981-05-03 10:01:12'),(26,26,26,'1995-04-28 01:35:54'),(27,27,27,'2006-09-25 09:49:35'),(28,28,28,'2001-03-28 03:08:48'),(29,29,29,'1981-03-09 18:22:14'),(30,30,30,'2010-04-15 21:32:18'),(31,31,31,'1993-03-19 03:46:28'),(32,32,32,'2011-01-27 21:50:42'),(33,33,33,'2013-02-26 13:11:53'),(34,34,34,'1971-11-05 09:54:15'),(35,35,35,'1993-09-02 21:08:44'),(36,36,36,'2006-02-28 20:39:08'),(37,37,37,'2005-01-07 07:59:55'),(38,38,38,'1971-08-29 06:40:11'),(39,39,39,'1973-01-01 14:50:31'),(40,40,40,'2013-04-19 06:51:38'),(41,41,41,'1996-12-27 09:53:56'),(42,42,42,'1979-04-29 08:56:08'),(43,43,43,'1991-11-17 15:33:48'),(44,44,44,'2006-04-27 09:43:29'),(45,45,45,'2017-02-19 18:49:26'),(46,46,46,'2021-06-12 16:24:54'),(47,47,47,'1998-04-18 20:07:11'),(48,48,48,'2008-12-05 13:38:19'),(49,49,49,'2020-08-27 03:23:02'),(50,50,50,'1993-08-24 19:51:58'),(51,51,51,'2002-12-27 00:25:49'),(52,52,52,'2006-05-21 21:43:14'),(53,53,53,'2007-03-15 22:10:15'),(54,54,54,'2003-10-16 22:16:45'),(55,55,55,'2004-07-23 23:38:01'),(56,56,56,'1979-05-28 03:12:28'),(57,57,57,'1996-09-12 03:01:03'),(58,58,58,'2010-09-03 00:29:42'),(59,59,59,'1989-03-28 12:37:09'),(60,60,60,'1974-01-26 04:26:07'),(61,61,61,'2012-12-12 10:57:51'),(62,62,62,'1980-03-19 03:21:01'),(63,63,63,'1986-05-04 08:00:14'),(64,64,64,'1999-12-26 16:24:41'),(65,65,65,'2009-03-01 06:44:07'),(66,66,66,'2014-06-16 15:46:03'),(67,67,67,'1982-04-14 18:00:16'),(68,68,68,'2006-12-13 07:40:41'),(69,69,69,'1985-05-26 21:18:12'),(70,70,70,'2003-02-26 23:19:12'),(71,71,71,'1974-01-20 16:56:05'),(72,72,72,'1980-10-26 13:29:55'),(73,73,73,'1990-12-12 06:25:46'),(74,74,74,'2013-09-27 10:11:19'),(75,75,75,'2018-12-01 00:06:40'),(76,76,76,'2004-07-30 12:49:50'),(77,77,77,'2006-03-09 04:06:28'),(78,78,78,'1982-03-30 22:47:21'),(79,79,79,'1984-12-08 13:11:17'),(80,80,80,'1984-08-05 05:29:28'),(81,81,81,'2001-12-29 05:15:50'),(82,82,82,'1980-09-03 07:13:24'),(83,83,83,'1998-03-31 06:02:11'),(84,84,84,'2015-09-15 23:17:44'),(85,85,85,'1991-07-14 14:02:37'),(86,86,86,'2012-01-01 21:54:23'),(87,87,87,'2019-01-06 00:48:04'),(88,88,88,'1992-06-26 11:53:49'),(89,89,89,'1992-05-12 21:37:15'),(90,90,90,'1972-09-11 19:41:11'),(91,91,91,'1975-08-15 05:14:25'),(92,92,92,'1977-08-24 22:23:54'),(93,93,93,'2005-02-11 12:07:11'),(94,94,94,'1994-09-08 06:07:10'),(95,95,95,'2004-08-23 15:30:37'),(96,96,96,'1996-09-20 13:49:38'),(97,97,97,'2005-09-24 01:44:46'),(98,98,98,'2012-03-09 16:10:11'),(99,99,99,'1999-06-27 13:57:35'),(100,100,100,'2018-03-29 06:34:03');
/*!40000 ALTER TABLE `likes` ENABLE KEYS */;
UNLOCK TABLES;

--
-- Table structure for table `media`
--

DROP TABLE IF EXISTS `media`;
/*!40101 SET @saved_cs_client     = @@character_set_client */;
/*!40101 SET character_set_client = utf8 */;
CREATE TABLE `media` (
  `id` bigint(20) unsigned NOT NULL AUTO_INCREMENT,
  `media_type_id` bigint(20) unsigned DEFAULT NULL,
  `user_id` bigint(20) unsigned NOT NULL,
  `body` text COLLATE utf8mb4_unicode_ci DEFAULT NULL,
  `filename` varchar(255) COLLATE utf8mb4_unicode_ci DEFAULT NULL,
  `size` int(11) DEFAULT NULL,
  `metadata` longtext CHARACTER SET utf8mb4 COLLATE utf8mb4_bin DEFAULT NULL CHECK (json_valid(`metadata`)),
  `created_at` datetime DEFAULT current_timestamp(),
  `updated_at` datetime DEFAULT current_timestamp() ON UPDATE current_timestamp(),
  PRIMARY KEY (`id`),
  KEY `user_id` (`user_id`),
  KEY `media_type_id` (`media_type_id`),
  CONSTRAINT `media_ibfk_1` FOREIGN KEY (`user_id`) REFERENCES `users` (`id`) ON DELETE CASCADE ON UPDATE CASCADE,
  CONSTRAINT `media_ibfk_2` FOREIGN KEY (`media_type_id`) REFERENCES `media_types` (`id`) ON DELETE SET NULL ON UPDATE CASCADE
) ENGINE=InnoDB AUTO_INCREMENT=101 DEFAULT CHARSET=utf8mb4 COLLATE=utf8mb4_unicode_ci;
/*!40101 SET character_set_client = @saved_cs_client */;

--
-- Dumping data for table `media`
--

LOCK TABLES `media` WRITE;
/*!40000 ALTER TABLE `media` DISABLE KEYS */;
INSERT INTO `media` VALUES (1,1,1,'Ut quam sint error est. Quaerat dolore eos sapiente iusto. Omnis et reiciendis rerum exercitationem.','repudiandae',71559,NULL,'2015-02-03 10:34:49','1986-11-26 23:36:37'),(2,2,2,'Qui error ex id sed doloribus omnis. Explicabo quia et sequi est. Possimus nobis laborum quidem nisi cumque.','velit',63259,NULL,'1992-02-25 15:27:25','1997-09-18 13:56:25'),(3,3,3,'Occaecati est quasi enim cumque veniam ut qui. Cumque hic iste sunt assumenda amet adipisci unde. In totam aut animi ullam et ducimus. Ullam delectus qui fugit doloribus omnis vero sapiente laborum.','architecto',6729,NULL,'1983-05-21 23:13:37','1982-12-19 13:55:48'),(4,4,4,'Eum illum repellat ipsum atque. Quia accusantium excepturi voluptatum est neque. Tenetur et doloremque rem quo voluptatibus illo sed. Nam vero nihil dolore aut aut qui.','mollitia',404220,NULL,'1995-02-26 12:37:46','2000-02-12 08:08:29'),(5,5,5,'Delectus porro voluptas harum nostrum aut labore fugiat. Quasi illum voluptates et autem ducimus impedit. Voluptatem quas voluptatem qui nulla.','cupiditate',884,NULL,'1971-07-03 01:04:17','2000-02-25 15:48:00'),(6,6,6,'Delectus perferendis hic officiis quo perspiciatis. Qui quibusdam quidem iusto libero pariatur. Nobis et inventore ea maxime in quidem sed iusto. Quia consectetur provident repellendus aut harum.','voluptatem',20974,NULL,'2000-12-12 14:08:20','1996-08-02 23:40:38'),(7,7,7,'Illum iure ducimus est facere minus omnis. Est quia fugit et repellendus voluptatem qui. Vitae et veritatis omnis exercitationem.','ea',5,NULL,'2010-03-21 13:57:04','2011-02-21 14:13:38'),(8,8,8,'Placeat ipsa quaerat veritatis veniam ullam impedit incidunt. Mollitia sit reprehenderit et et. Odit numquam ut ut eos quidem aut placeat.','aliquid',365114996,NULL,'2000-12-30 05:36:32','1978-10-30 12:37:33'),(9,9,9,'Veritatis incidunt enim alias nulla quidem corrupti. Exercitationem aut suscipit ab expedita nesciunt mollitia cumque. Ut et unde et dolor tempore vel. Accusamus aliquid et necessitatibus cum quia sit occaecati.','itaque',8587,NULL,'1993-12-29 05:09:20','1994-11-01 07:40:37'),(10,10,10,'Eligendi dolore accusamus est placeat vero a reprehenderit error. Sed vel molestiae voluptatem a aliquid iste. Dolor et qui est iste.','vitae',88638,NULL,'1997-05-13 12:55:45','1990-12-06 19:52:39'),(11,1,11,'Mollitia voluptatem in perferendis beatae. Nihil ea fugiat aperiam dolorem accusantium sequi quam. Enim et a nihil recusandae consequuntur. Qui distinctio quibusdam qui ea harum ut rem.','voluptas',1765275,NULL,'2009-09-18 22:17:39','2017-07-13 13:31:54'),(12,2,12,'Saepe iure qui odit voluptate corporis cumque quia. Non qui quibusdam incidunt adipisci dolore veniam. Cupiditate et quis blanditiis fugit.','non',3447,NULL,'1982-09-24 04:10:35','1977-07-04 18:20:15'),(13,3,13,'Accusantium architecto voluptatem officia. Quia sed veritatis ut ut at doloremque. Et magni iure enim enim quas. Minus vero reiciendis magnam illum sed soluta voluptas neque. Quo rerum libero reiciendis minima.','repellendus',0,NULL,'2001-06-26 13:25:33','2012-07-30 14:44:45'),(14,4,14,'Provident nihil non voluptatum et. Porro repudiandae eveniet eveniet quaerat vitae cumque.','maxime',303684352,NULL,'1985-05-02 14:33:10','2004-06-03 05:19:26'),(15,5,15,'Voluptatibus sequi aut fugit rerum rerum nulla laboriosam. Enim earum ut dolor ut praesentium sit. Omnis sapiente maiores distinctio omnis perferendis distinctio adipisci. Excepturi sunt similique earum.','beatae',367,NULL,'1998-09-10 07:37:03','2014-08-21 07:47:44'),(16,6,16,'Sed officia aut minima dolor. Ut minus aperiam et nobis non consequatur qui. Quia qui doloribus officiis aut consequatur. Quis corrupti et at est iusto in.','in',45481,NULL,'1971-02-07 13:57:14','1998-10-13 00:12:53'),(17,7,17,'Quia asperiores exercitationem qui dolor non excepturi. Quia qui nostrum id dolor. Fugiat debitis quidem quaerat doloribus est nihil.','repudiandae',412068,NULL,'1983-11-29 21:04:58','2002-08-06 21:34:59'),(18,8,18,'Quo necessitatibus id harum officia facere aut voluptatibus. Vero eos iusto at eveniet labore quis maxime nobis. Soluta officia maxime similique dolorum et consequatur. In quas voluptatibus ut facilis.','dolore',427907,NULL,'1979-03-16 03:38:33','1979-01-27 05:38:19'),(19,9,19,'Est qui qui odit mollitia nam facere a consequuntur. Minima maxime exercitationem asperiores veniam illo. Dolorum provident in commodi quo quo. Est quia dolorum sed et.','non',1,NULL,'2001-11-12 15:08:53','2000-09-11 14:39:47'),(20,10,20,'Accusamus corrupti rem eveniet. Unde magni qui voluptas adipisci. Vel sunt hic nostrum magni.','et',981640775,NULL,'1982-09-29 02:40:56','1985-02-25 02:09:26'),(21,1,21,'Nostrum deserunt dolores dicta dolores architecto qui sit. Et exercitationem iure consequatur pariatur non qui optio. Quam est labore beatae veritatis rerum eos dolor. Quo nulla minima sed exercitationem sequi facere ab.','et',323106497,NULL,'1986-10-10 00:07:27','1996-06-25 21:36:36'),(22,2,22,'Minus ipsum delectus ut in. In inventore corporis cumque itaque et est possimus. Ipsum in repellendus aut.','minima',41,NULL,'2016-05-08 19:35:16','2002-10-12 01:24:18'),(23,3,23,'Sunt excepturi iusto numquam. Magni quaerat rerum et quis et molestias tempora. At non vero repellat inventore nisi.','tempora',9407102,NULL,'1981-12-13 15:12:31','1992-03-30 05:15:04'),(24,4,24,'Eum a esse facilis rerum. Fugit doloribus a est consequatur eos aut occaecati tenetur. Quis necessitatibus animi porro ea quo. Natus sint culpa et iure nam vel. Illum molestiae nemo asperiores nisi rerum vel aliquid.','ut',90,NULL,'1995-12-14 07:51:32','1972-06-23 05:39:34'),(25,5,25,'Corrupti ea rerum soluta modi officia laboriosam. Minima fugiat voluptatem iste qui voluptas enim rerum deleniti. Corrupti id cupiditate nihil.','earum',3,NULL,'2006-11-27 09:48:11','2002-11-26 13:10:41'),(26,6,26,'Eligendi aut adipisci qui vel unde in. Et odio accusantium ea exercitationem sed non et ipsa. Qui vero tempora nihil expedita minus deleniti. Nam sint repellendus at praesentium. Omnis velit culpa quis consequatur voluptates saepe.','nihil',36825,NULL,'2013-05-14 09:56:09','1997-06-29 10:28:48'),(27,7,27,'Et voluptatum voluptatibus expedita accusamus ut. Repellat qui quod pariatur rerum. Aut fugiat id eveniet et maiores. Eos est quia repellendus recusandae omnis enim doloremque.','dolores',80,NULL,'1990-05-15 22:08:41','1975-11-07 16:26:18'),(28,8,28,'Tempora minima voluptas a veritatis. Alias quo sapiente architecto qui qui voluptatem.','id',47019,NULL,'2011-11-21 05:47:39','1987-03-16 06:21:19'),(29,9,29,'Sunt voluptatem voluptatem quasi assumenda qui. Culpa ut quaerat tempora non illum sit et. Voluptas recusandae voluptas impedit eum ipsum sed. Dolorem est possimus eum sit voluptatem ducimus.','ut',61,NULL,'2016-06-18 06:34:28','2020-03-20 14:38:16'),(30,10,30,'Ut velit recusandae maxime et quasi dolor magnam. Sed adipisci et explicabo ab omnis quia dolorum quaerat. Deserunt ut numquam consequatur sed excepturi quibusdam atque. Beatae sunt incidunt minus tenetur sint esse.','enim',6147435,NULL,'1973-07-08 02:00:55','2006-03-12 10:14:21'),(31,1,31,'Et dolorum voluptatum sit vel sed. Voluptatem sint quia ab accusantium. Fuga eveniet dolore voluptatem eius sunt illum ipsum. Aut tempora corrupti eaque eligendi reiciendis sed.','quae',28059,NULL,'1980-06-15 03:30:44','1976-07-05 03:27:56'),(32,2,32,'Quia reprehenderit velit modi aliquid officia excepturi. Maxime odit deleniti et voluptates qui occaecati illum. Quia tempora velit aliquam consectetur.','similique',5,NULL,'1979-01-15 00:57:25','2010-07-19 23:06:32'),(33,3,33,'Omnis quo aut omnis rerum ducimus voluptas temporibus. In quia tempore mollitia esse quam placeat. Quia distinctio labore in sed. Odio labore porro quidem deleniti.','accusamus',74611568,NULL,'2007-05-21 16:51:55','2017-07-12 19:12:49'),(34,4,34,'Inventore id enim officiis eaque. Ex itaque blanditiis odit fuga id dolorum velit.','neque',73957955,NULL,'2012-11-30 15:29:25','1982-01-20 05:07:59'),(35,5,35,'Quibusdam veniam ut cumque rerum maxime. Nam recusandae voluptas inventore ipsa laudantium. Cumque maxime placeat et nihil explicabo facere. Incidunt architecto dolorum neque tenetur consectetur dolore. Suscipit eum sed in ratione porro.','ut',1916676,NULL,'1980-06-11 05:28:13','1997-07-12 02:59:25'),(36,6,36,'Consequuntur cum reiciendis alias eum. Optio pariatur sequi voluptatem doloremque asperiores a impedit.','enim',0,NULL,'2000-03-24 19:30:45','1986-07-23 00:46:57'),(37,7,37,'Labore rerum ratione deserunt iure ex. Aspernatur eum architecto omnis eaque. Alias possimus odio minima saepe.','eaque',492588,NULL,'2012-02-01 06:23:12','2012-02-08 01:46:05'),(38,8,38,'Ducimus sit possimus nihil fugiat accusantium. Ducimus voluptatem mollitia porro deleniti laudantium est. Mollitia suscipit eum qui excepturi doloremque non consequatur.','vel',0,NULL,'1997-11-16 10:10:26','2006-11-23 15:23:38'),(39,9,39,'Qui debitis ipsum tempore voluptate minima eius. Distinctio consectetur deserunt corrupti quas et officia ipsam. Sed qui repellendus facilis aliquam facere est autem pariatur. Eos iure laborum minima non.','ab',4107513,NULL,'2011-06-26 02:51:27','2019-04-21 20:20:12'),(40,10,40,'Dolores molestias eum atque tempore quae vel. In rem aut sunt accusantium perferendis. Alias dolore suscipit distinctio fugiat quos architecto quaerat.','dolorem',65530285,NULL,'1980-10-01 20:56:45','1987-08-28 21:18:04'),(41,1,41,'Et accusamus voluptate maxime quibusdam. Corporis deleniti velit id eos ea omnis. Asperiores voluptatem rerum eum esse et doloribus. Tempora non occaecati in voluptatem debitis.','dolore',62171,NULL,'2010-08-07 12:14:59','2011-02-27 09:06:07'),(42,2,42,'Veniam harum aut laudantium amet dolorem. Aut voluptate sed atque nobis. Dolore placeat at explicabo quod sit consequuntur.','quis',115721590,NULL,'1980-02-19 03:23:09','2000-06-04 04:37:30'),(43,3,43,'Nisi accusamus quo aut cupiditate iste sequi iure. A possimus distinctio laborum occaecati maiores debitis alias.','vero',94657,NULL,'1995-06-09 10:39:33','1989-10-25 22:27:32'),(44,4,44,'Aut et aliquam reprehenderit repellendus eius at. Totam voluptates in quam aut veritatis. Repudiandae ea perspiciatis doloribus. Exercitationem nemo aut iste dolor vero et est.','qui',913,NULL,'1980-01-29 08:01:28','1980-03-04 05:45:48'),(45,5,45,'Voluptates atque fugit autem dolor est et assumenda. Pariatur dolor eum placeat ea animi praesentium. Quibusdam perspiciatis minus sed consequatur odio ab tenetur. Quidem enim occaecati omnis dolorem. Optio quibusdam non totam tenetur quisquam sed consequatur.','quo',422261,NULL,'2018-04-24 05:57:06','1978-12-04 09:50:11'),(46,6,46,'Occaecati nisi rerum accusantium. Perferendis voluptate natus nam aliquam. Aliquid et dolores provident eveniet et itaque.','minus',9494,NULL,'1971-05-01 01:52:42','2013-05-21 18:07:36'),(47,7,47,'Impedit iure magnam consequatur voluptatem ut. Sapiente excepturi veritatis incidunt asperiores ab et. Ratione rerum omnis optio in.','unde',356892,NULL,'1980-08-02 13:31:36','1981-08-03 16:25:34'),(48,8,48,'Autem laboriosam aliquid quasi. Soluta nobis nihil voluptatibus maiores ratione omnis. Et voluptates harum expedita natus nihil iste.','laborum',68939,NULL,'2012-10-02 06:17:13','1980-02-10 21:36:20'),(49,9,49,'Quas hic odit et nam aut aut iusto. Consequatur rerum pariatur rerum et eaque enim vitae. Deleniti consectetur voluptatem aut qui et consequatur.','sapiente',3,NULL,'2003-08-11 10:55:30','1975-04-29 07:01:42'),(50,10,50,'Ea ut voluptatibus corporis sit non placeat voluptas maiores. Possimus laborum nam totam nihil. Non ea sequi vel est assumenda.','incidunt',5657,NULL,'1982-01-14 01:40:23','1972-03-14 07:08:52'),(51,1,51,'Provident ex voluptas in nam nihil nostrum. Omnis quia commodi repellendus commodi.','nostrum',429345717,NULL,'1971-08-03 07:31:00','2001-04-02 00:36:50'),(52,2,52,'Quos ipsam optio accusantium omnis. Illo blanditiis voluptates dignissimos placeat quia. Rem omnis nesciunt perferendis soluta velit qui.','maxime',7506928,NULL,'1975-08-08 04:46:46','2021-02-28 10:23:14'),(53,3,53,'Molestiae voluptatem aut beatae incidunt velit omnis hic. Qui nesciunt assumenda dolorum earum delectus ducimus. Quia adipisci voluptatum nihil in fugit. Commodi odit recusandae at et ipsa suscipit delectus culpa.','et',9557289,NULL,'2003-09-21 03:25:59','2001-01-21 05:18:48'),(54,4,54,'Quam fugiat est exercitationem tempora ut nobis. Eveniet voluptas architecto voluptatem iste consequatur. Veniam fugiat et veritatis dignissimos dicta et laborum facilis.','consequatur',3818,NULL,'1983-08-31 07:06:21','2001-10-31 05:50:49'),(55,5,55,'Animi repellendus explicabo et laboriosam aut aliquam. Assumenda corporis aut quia quia nam dolores qui. Quo quae provident aut officiis necessitatibus sed.','cumque',878049,NULL,'1974-02-16 18:05:43','1984-01-30 09:27:12'),(56,6,56,'Similique molestiae aliquid eius dolor qui qui aspernatur. Nihil doloremque blanditiis aut perferendis asperiores. Perspiciatis sed consequatur hic iure. Eligendi incidunt sit cum non dicta laudantium. Id assumenda quod harum voluptatem quis laudantium porro enim.','sed',3696,NULL,'2016-02-07 01:42:35','1973-08-20 22:34:41'),(57,7,57,'Libero id quas ut ratione. Omnis velit ex eos doloremque possimus. Necessitatibus repellendus sint ducimus fugit provident explicabo. Consequuntur voluptatem ut natus facere saepe.','laudantium',98,NULL,'1986-04-07 18:23:47','2014-09-28 05:27:46'),(58,8,58,'Et ducimus temporibus magnam eligendi doloribus. Laborum velit non quod error quo sit nihil. Autem minus quae rem velit molestias sed corporis. Quam et sed quia.','ut',253808,NULL,'1995-05-07 21:40:22','2006-04-22 13:33:56'),(59,9,59,'Et libero beatae consequatur ut. Sequi omnis omnis similique. Blanditiis voluptatum assumenda inventore ab. Nisi voluptatum esse at magni est.','velit',7,NULL,'1973-01-02 17:16:35','1987-08-03 18:46:08'),(60,10,60,'Rerum eum nesciunt aliquid aut cupiditate in. Veritatis incidunt et quidem magni praesentium et minus eum. Minus repellat veritatis in accusantium. Reiciendis earum deleniti voluptas tenetur aut inventore.','labore',21809,NULL,'1974-01-06 17:47:04','2009-09-14 00:30:48'),(61,1,61,'Delectus voluptate itaque explicabo illum nemo enim. Harum quaerat reprehenderit aut neque repellendus molestiae delectus. Atque voluptatem architecto sed perspiciatis qui dolorem. Mollitia officiis sint enim sit sunt. Eveniet impedit veniam recusandae quia.','earum',173,NULL,'1981-02-17 16:32:54','1995-03-03 08:49:36'),(62,2,62,'In consequatur dolor fugiat sequi. Eius saepe voluptatibus dolorum ipsam et ut. Accusantium omnis saepe magni similique ipsam qui. Corrupti illum qui aut modi molestias sint.','consequatur',6,NULL,'1981-01-26 22:32:38','1978-08-13 09:08:55'),(63,3,63,'Tenetur quidem velit deleniti ex qui. Ipsum laboriosam magni quasi nihil ad. Vel omnis quos consequatur quos id cumque.','cupiditate',0,NULL,'1996-03-05 12:57:20','1998-10-08 08:00:46'),(64,4,64,'Tenetur eaque corrupti et iste eligendi sunt et vitae. Velit nobis perspiciatis adipisci. Fugit asperiores dolores minus quia explicabo qui.','velit',7032,NULL,'1976-04-11 22:38:56','1976-01-02 02:32:13'),(65,5,65,'Et ab similique sed exercitationem ratione dolorem. Eius omnis quod tempora delectus veniam velit. Dolore et voluptates repellat non perferendis. Qui provident quia quia repellendus consequatur.','ut',5,NULL,'2015-03-12 00:49:34','1976-05-03 23:55:18'),(66,6,66,'Minus magnam voluptas blanditiis qui veritatis rerum neque. Ea maiores sapiente modi placeat maiores ea est. Laborum occaecati accusamus a ratione quis delectus.','ducimus',54566581,NULL,'2006-02-06 09:59:14','2013-08-01 23:16:52'),(67,7,67,'Nostrum nostrum voluptatem architecto voluptatem fugiat. Officiis est asperiores voluptatum non fuga sunt. Veniam dolorem praesentium sunt porro dolorem quia. Repellendus quas rem quibusdam omnis reprehenderit qui quam.','sint',312,NULL,'2013-10-29 23:52:26','1987-02-14 11:54:48'),(68,8,68,'Earum deserunt voluptatibus ut voluptatem quae quis maxime impedit. Animi et nihil ex culpa eos labore laudantium. Et quo amet perspiciatis natus eum labore porro. Blanditiis et consequatur nostrum repudiandae eum.','eius',68768,NULL,'1977-02-15 23:28:36','1995-01-08 09:26:23'),(69,9,69,'At repellendus reiciendis ut aliquam iure quibusdam ipsum ipsum. Veritatis asperiores tenetur amet est fugiat. Est quia aliquid id. Impedit dolorum quia nihil itaque qui recusandae impedit. Qui ipsa repellendus ratione hic magnam esse earum.','ipsa',9706767,NULL,'2012-02-04 17:59:20','2000-05-17 09:21:02'),(70,10,70,'Corporis magnam molestiae id voluptas rerum. Sed quis omnis id officiis hic voluptas. Nulla laudantium labore consequatur ut aliquam.','perspiciatis',568734,NULL,'1976-05-26 15:02:32','1977-11-04 06:50:22'),(71,1,71,'Eligendi error eos non soluta placeat quisquam reprehenderit rem. Harum quia molestiae aut omnis maxime cum. Non eos in similique officia dicta facere non.','non',1,NULL,'1991-03-09 08:26:40','2018-07-31 22:05:29'),(72,2,72,'Quas quas provident omnis in excepturi quaerat dolores est. Laborum qui asperiores eum deserunt nostrum ut. Quo aut perferendis rem. Excepturi quisquam aut praesentium nam eum. Perspiciatis asperiores ea eveniet natus.','voluptas',8632,NULL,'1973-04-03 08:13:50','2007-12-18 08:28:44'),(73,3,73,'Ea sunt atque quibusdam quia consequuntur vitae perspiciatis. Dolore placeat minima provident rerum rerum minus. Voluptas debitis eius quod consequatur a illum ullam. Quo omnis dolorem quia voluptatem ipsa.','et',4070,NULL,'2008-09-22 16:44:08','2012-07-03 20:10:49'),(74,4,74,'Eos aperiam dolorem enim aut occaecati quis. Incidunt in aut omnis autem quaerat. Nam sint rerum odit eveniet laboriosam recusandae assumenda nisi. Deserunt dolores consequatur soluta ratione nisi.','harum',0,NULL,'1974-12-14 16:45:41','2017-05-24 12:37:10'),(75,5,75,'Distinctio enim placeat velit ut unde corrupti blanditiis. Dignissimos eos dolorem est consequuntur qui quia labore. Et quod qui aut. Ut voluptatum debitis dolor aut.','illo',83187,NULL,'1980-07-05 02:35:03','1987-12-03 20:12:37'),(76,6,76,'Earum ratione eos impedit ut fuga. Laboriosam voluptas dolores quo nesciunt. Libero in rerum quia incidunt qui. Voluptates rerum quo labore consequuntur consectetur nisi sunt totam.','veniam',26243214,NULL,'1997-06-21 04:44:30','1996-02-22 10:17:41'),(77,7,77,'In est possimus minima temporibus non. Nam fuga quam dolores dolores enim eum. Perspiciatis sed explicabo omnis.','ab',175,NULL,'2016-10-01 03:03:25','1975-11-23 19:42:57'),(78,8,78,'Similique expedita in et maxime recusandae beatae illum eum. Sapiente est at consectetur facilis. Nihil voluptatum cum quo aut impedit. Consequatur saepe rerum quis sint velit.','ut',525,NULL,'1973-08-01 11:04:02','1984-06-04 03:17:43'),(79,9,79,'Aut praesentium beatae ipsam beatae aut sunt. Ut quasi corporis perspiciatis totam similique vero. Quo quo harum et.','illo',163,NULL,'2010-05-06 11:45:20','1973-12-05 17:42:08'),(80,10,80,'Facilis qui mollitia facilis maiores est quidem rerum. Iste voluptate totam odit libero. Sunt eaque magni deleniti impedit voluptatem quis qui.','ad',640226247,NULL,'1984-02-23 04:28:19','1989-02-08 18:55:49'),(81,1,81,'Provident in sit necessitatibus quibusdam quis enim. Voluptatem qui dolore et aliquam. Animi voluptatem ut quasi iure. Repellendus rerum ratione facilis ipsam consectetur.','nobis',36234,NULL,'2013-12-15 02:58:04','2018-04-19 15:19:13'),(82,2,82,'Quos molestias enim qui aut voluptatibus quae non consequuntur. Porro nemo laudantium aut error sapiente dicta numquam. Sed qui eaque repellendus earum dolor dolorum. Ut repellendus et porro.','occaecati',474315,NULL,'1991-10-20 04:02:29','2012-02-07 22:05:44'),(83,3,83,'Non quo amet unde nisi voluptas qui nemo. Vel aliquam omnis doloribus. Non esse sit aperiam qui ipsa voluptatem sequi qui. Consequuntur ut dolores dolor voluptas vero qui.','dolores',0,NULL,'2013-06-16 14:00:35','1980-06-20 14:32:26'),(84,4,84,'Voluptatibus et possimus eum sit. Deserunt ducimus qui consequuntur aut veritatis in. Quidem ipsa et sed numquam. Ullam est et ab sit quas corrupti in. Reiciendis rerum iste eos similique nulla commodi.','voluptatum',50,NULL,'1973-06-23 20:03:37','1988-05-21 07:21:04'),(85,5,85,'Cumque officia error qui autem quod nemo. Dolores quo quasi nobis. Illo consectetur et explicabo dignissimos quia. Eaque est quas aspernatur aliquid ipsum eligendi fugiat.','totam',451539273,NULL,'2019-10-30 16:44:42','2008-07-09 20:02:36'),(86,6,86,'Et impedit dolore est similique ipsum est dolores. Quod sit sunt voluptas eveniet a asperiores. Ut temporibus recusandae beatae sit velit ipsum.','possimus',8,NULL,'1976-11-10 22:14:39','2007-11-23 00:42:20'),(87,7,87,'Sed asperiores repudiandae veritatis sit. Quis eveniet quod aliquam distinctio est. Nisi quo ullam libero et. Aut maiores aut et quibusdam porro et iusto. Saepe inventore quae est aut et eligendi ad.','ipsa',444558,NULL,'1979-06-01 19:15:13','1972-12-22 09:16:30'),(88,8,88,'Aspernatur repellat quod sit totam dolor. Officiis vero est culpa rerum dolorem enim ipsam dolorem. Itaque iusto quis dolor.','quisquam',905903591,NULL,'1991-01-02 02:33:09','2008-12-23 03:21:11'),(89,9,89,'Voluptates nihil nemo et voluptatibus. Natus nihil at molestiae. Ipsam totam molestiae non veritatis ullam est inventore commodi. Vel sequi nostrum doloribus facilis vitae sit.','rerum',294555694,NULL,'2007-03-03 22:50:36','1989-05-10 03:26:37'),(90,10,90,'Excepturi reprehenderit eos cumque quos. Deleniti consequatur omnis laboriosam quae. Dolorem et architecto doloremque optio ut maxime ut. Voluptates et quis recusandae provident et inventore cum.','illo',257198856,NULL,'1984-12-21 10:06:21','1997-03-18 01:56:52'),(91,1,91,'Molestiae ut eos cum aliquam fuga. Consectetur qui ducimus quia non eaque qui et. Corrupti eum error ut ipsam.','cumque',9635509,NULL,'1999-06-15 14:31:16','1984-10-20 23:06:32'),(92,2,92,'Ea delectus est fugit et enim. Repudiandae ipsam ut rerum non nobis quam. Quasi ex eum aut sit perspiciatis laudantium. Est cumque voluptatem et et modi. Laudantium quis provident est sint rerum reiciendis amet.','dolorem',47,NULL,'1998-06-03 05:05:03','2001-11-26 14:27:25'),(93,3,93,'Delectus consequatur omnis et recusandae voluptatem. Sint ratione iusto est fuga magni expedita deleniti. Ut soluta libero sit.','temporibus',75779343,NULL,'1973-05-16 16:02:39','2004-04-17 13:11:50'),(94,4,94,'Qui explicabo et asperiores delectus voluptatem. Inventore corporis qui aut aut. Officiis accusamus voluptate error ab eveniet occaecati.','cupiditate',977531,NULL,'1994-10-01 13:34:48','2008-03-02 18:43:19'),(95,5,95,'Iure nihil quidem ut earum. Sunt a reprehenderit et consequatur. Ab expedita vitae officiis occaecati mollitia porro qui. Incidunt incidunt et dolorum.','perferendis',73401,NULL,'1984-04-06 13:19:19','1983-03-27 22:48:19'),(96,6,96,'Porro unde incidunt et neque cumque reiciendis. Quisquam sequi fugiat possimus temporibus non unde. Aliquid sed rerum velit reiciendis perspiciatis et corrupti. Et rem aut deleniti.','aut',7786034,NULL,'1998-01-18 00:51:05','1999-05-26 20:01:17'),(97,7,97,'Quis omnis a debitis pariatur. Eos minima nihil distinctio et eos ab ipsa non.','nobis',58345,NULL,'1983-09-25 20:45:26','2014-09-03 05:41:00'),(98,8,98,'Vero corrupti aut nemo alias sapiente. Voluptas est dolorum vero iusto nulla odit est at. Ut consequatur maxime fuga harum tenetur molestias sit.','rerum',9950,NULL,'1986-07-02 11:33:53','1970-01-25 21:48:30'),(99,9,99,'Sit et qui facilis aut. Vitae sint est est quam autem modi qui. Harum perspiciatis perferendis ut libero quasi.','voluptatem',931190159,NULL,'1974-05-12 09:59:48','1971-06-10 13:26:44'),(100,10,100,'Soluta iure excepturi qui facere quasi. Molestiae aut omnis voluptas voluptates. Quam veritatis laudantium tenetur ut.','unde',6,NULL,'1993-10-13 22:50:12','2019-05-26 03:38:28');
/*!40000 ALTER TABLE `media` ENABLE KEYS */;
UNLOCK TABLES;

--
-- Table structure for table `media_types`
--

DROP TABLE IF EXISTS `media_types`;
/*!40101 SET @saved_cs_client     = @@character_set_client */;
/*!40101 SET character_set_client = utf8 */;
CREATE TABLE `media_types` (
  `id` bigint(20) unsigned NOT NULL AUTO_INCREMENT,
  `name` varchar(255) COLLATE utf8mb4_unicode_ci DEFAULT NULL,
  `created_at` datetime DEFAULT current_timestamp(),
  `updated_at` datetime DEFAULT current_timestamp() ON UPDATE current_timestamp(),
  PRIMARY KEY (`id`)
) ENGINE=InnoDB AUTO_INCREMENT=11 DEFAULT CHARSET=utf8mb4 COLLATE=utf8mb4_unicode_ci;
/*!40101 SET character_set_client = @saved_cs_client */;

--
-- Dumping data for table `media_types`
--

LOCK TABLES `media_types` WRITE;
/*!40000 ALTER TABLE `media_types` DISABLE KEYS */;
INSERT INTO `media_types` VALUES (1,'aspernatur','2008-06-19 19:53:42','2013-05-18 12:06:42'),(2,'explicabo','2019-09-02 15:09:32','1999-05-08 11:31:36'),(3,'aperiam','1986-01-05 23:45:41','1970-06-24 07:32:40'),(4,'similique','1980-08-18 00:47:15','1993-11-28 08:21:40'),(5,'amet','1982-07-28 09:03:33','1989-11-02 07:12:31'),(6,'et','1979-01-26 23:37:57','1975-11-25 12:42:39'),(7,'deserunt','1979-01-19 12:38:01','2005-12-10 10:49:37'),(8,'mollitia','1980-05-14 17:44:48','1988-02-25 08:58:52'),(9,'repellat','1972-06-07 21:42:07','1983-01-16 15:03:46'),(10,'commodi','1992-12-03 20:02:12','2000-06-19 08:23:01');
/*!40000 ALTER TABLE `media_types` ENABLE KEYS */;
UNLOCK TABLES;

--
-- Table structure for table `messages`
--

DROP TABLE IF EXISTS `messages`;
/*!40101 SET @saved_cs_client     = @@character_set_client */;
/*!40101 SET character_set_client = utf8 */;
CREATE TABLE `messages` (
  `id` bigint(20) unsigned NOT NULL AUTO_INCREMENT,
  `from_user_id` bigint(20) unsigned NOT NULL,
  `to_user_id` bigint(20) unsigned NOT NULL,
  `body` text COLLATE utf8mb4_unicode_ci DEFAULT NULL,
  `created_at` datetime DEFAULT current_timestamp(),
  PRIMARY KEY (`id`),
  KEY `from_user_id` (`from_user_id`),
  KEY `to_user_id` (`to_user_id`),
  CONSTRAINT `messages_ibfk_1` FOREIGN KEY (`from_user_id`) REFERENCES `users` (`id`) ON DELETE CASCADE ON UPDATE CASCADE,
  CONSTRAINT `messages_ibfk_2` FOREIGN KEY (`to_user_id`) REFERENCES `users` (`id`) ON DELETE CASCADE ON UPDATE CASCADE
) ENGINE=InnoDB AUTO_INCREMENT=101 DEFAULT CHARSET=utf8mb4 COLLATE=utf8mb4_unicode_ci;
/*!40101 SET character_set_client = @saved_cs_client */;

--
-- Dumping data for table `messages`
--

LOCK TABLES `messages` WRITE;
/*!40000 ALTER TABLE `messages` DISABLE KEYS */;
INSERT INTO `messages` VALUES (1,1,1,'Voluptas exercitationem aperiam non. Minus fuga quod sed vitae. Et et non accusamus quam.','1985-01-02 14:26:40'),(2,2,2,'Est aperiam et accusamus soluta praesentium. Sequi cupiditate veritatis vel natus. Excepturi dolorem facere vitae quis voluptas qui. Distinctio quas voluptatem dolorem ab pariatur quibusdam placeat.','1982-08-08 09:58:46'),(3,3,3,'Facere suscipit recusandae minus repellendus sint odio. Ut quia mollitia qui. Ratione similique natus sit facilis aperiam facere nihil. Rerum ipsum laborum debitis.','1994-07-24 05:14:45'),(4,4,4,'Quia ut et enim atque qui. Velit esse sunt assumenda voluptas. Praesentium dolores consequuntur iste reiciendis consequatur.','1977-07-12 08:32:42'),(5,5,5,'Iste id sit in id ut. Fugit minus commodi voluptates esse et molestiae. Ut maxime dicta sequi illo. Mollitia porro vitae blanditiis voluptatum ut.','1998-06-24 12:12:05'),(6,6,6,'Inventore dolores facilis est quidem in perferendis. Provident quae tempora saepe. Eius delectus natus odio neque perspiciatis laborum quas perferendis. Illum asperiores est laudantium repellendus ipsum quo.','1970-07-05 02:53:14'),(7,7,7,'Atque est qui quo qui. Quam et sapiente aut fuga sunt dolores qui fugit.','1991-09-26 00:51:18'),(8,8,8,'In cum libero repudiandae quia officia. Hic architecto sed similique qui odit qui cupiditate.','1987-04-08 07:14:49'),(9,9,9,'Tenetur aut voluptas eligendi ut. Et id deleniti vel dolore optio. Similique minima aliquid quod et vel assumenda.','1973-12-29 14:00:26'),(10,10,10,'Accusantium amet repudiandae fugiat nihil voluptate. Sed dicta quaerat quo. Rerum quod doloremque unde voluptas.','1993-06-24 17:29:53'),(11,11,11,'Labore et quis beatae enim. Molestias qui voluptates perferendis asperiores aut. Est dolorum laborum praesentium et iste tempore aut.','2007-08-02 11:22:02'),(12,12,12,'Nam recusandae nesciunt consequatur aut dolore molestias expedita. Tempora necessitatibus in dolorem fugit molestias commodi. Aliquam quia est consequatur amet eos consequatur unde temporibus. Tenetur autem voluptas omnis voluptatem temporibus vel.','1988-09-28 00:53:19'),(13,13,13,'Repellat tempore cupiditate qui voluptatibus. Autem facere eos cum maiores nihil. Ipsa temporibus culpa nemo porro. Sint iste eos soluta similique in non.','2014-07-16 00:03:22'),(14,14,14,'Deserunt rerum illum facere et impedit ipsam. Laborum totam non impedit qui odio saepe minima. Nam distinctio blanditiis quos. Odit ea blanditiis quis impedit.','1991-08-21 11:59:45'),(15,15,15,'Eveniet sapiente delectus debitis voluptatem est explicabo minima. Ex eveniet quidem rerum harum. Animi voluptatem et aliquam qui. Dolor magnam eius quia.','1988-01-11 23:15:00'),(16,16,16,'Perspiciatis aut eum consequatur ex et minima esse quod. Dolores expedita est voluptatum at excepturi aut. Rerum ut aut in repellat et itaque dicta. Est quae et nobis ut molestias tempora officiis.','2014-12-18 16:46:33'),(17,17,17,'Libero velit et eligendi. Voluptatem et atque molestias nulla tenetur sint nemo. Blanditiis optio fugit repellendus ab et quam.','1986-11-10 00:40:31'),(18,18,18,'Provident quia dignissimos quasi consectetur. Numquam cupiditate omnis sit. Esse quia suscipit aliquid harum quo accusamus. Occaecati illo voluptas qui harum et deserunt. Velit asperiores pariatur modi deserunt eum fugit omnis porro.','2015-11-19 23:38:10'),(19,19,19,'Aliquid non molestias vero nulla officia sed. Non assumenda qui inventore quia fuga. Rem et vel quibusdam quo facilis.','2003-11-20 14:14:09'),(20,20,20,'Rem et non hic natus cumque. Tempore labore voluptates soluta. Aperiam qui autem suscipit aut molestiae ea magni. Omnis provident molestiae quo maxime et enim odio. Cumque aut omnis error dolorem beatae consectetur molestias.','2003-03-28 12:52:16'),(21,21,21,'Quisquam ipsum nihil dignissimos sint aut sed ut. Illo consequatur molestiae doloremque quae doloribus esse atque.','2009-09-30 20:51:04'),(22,22,22,'Dignissimos quis qui nulla voluptatem nemo voluptas saepe. Et maxime consequatur vel alias ut quas quam. Beatae qui dolorem nemo ut.','1979-07-24 10:06:59'),(23,23,23,'Illum cum quo quasi sit. Dolor qui et itaque molestiae. Consequatur inventore delectus esse assumenda perferendis magnam. Magnam exercitationem expedita qui quo aliquid ut.','2007-07-21 23:07:06'),(24,24,24,'Quia et molestiae omnis animi voluptas. Laboriosam natus et sed praesentium et voluptatum nobis. Possimus vel iure nobis quos minus aut placeat. Doloribus tenetur non animi ut.','1984-03-26 00:26:19'),(25,25,25,'Sapiente consectetur nostrum voluptatum quisquam aut dolor dolore. Qui nemo aut corrupti ut est. Nostrum deleniti a necessitatibus veniam rerum harum. Enim incidunt qui atque minus. Consequatur quisquam quisquam sit sit sed nihil.','1981-03-09 08:48:07'),(26,26,26,'Cupiditate dignissimos ab quas deserunt consequatur. Cumque quia quia quasi maxime. Repellendus neque ratione vero optio voluptatem maxime.','2016-05-19 21:21:19'),(27,27,27,'Quis quia non aut animi. Et aut quisquam itaque ut vel. Et harum qui quos.','1991-05-08 08:27:42'),(28,28,28,'Et veritatis ducimus tenetur laborum in. Sapiente illum sed tenetur.','2004-09-14 15:58:35'),(29,29,29,'At assumenda quos est maiores architecto quas. Nam fugiat pariatur aut vitae dignissimos ut. Debitis magnam natus possimus minus. Illum aliquid omnis sint repellat.','1978-04-28 11:47:48'),(30,30,30,'Et itaque qui voluptas rerum delectus. Nihil quae repellendus quia rerum ad voluptatem inventore nostrum. Quia delectus dolores qui magnam.','1970-01-03 16:38:08'),(31,31,31,'Accusantium natus aut quia ab. Repellat ut porro possimus. Et corrupti ratione id cumque. Autem et omnis fugiat facilis quae.','2017-02-19 21:26:21'),(32,32,32,'Omnis quo id aut voluptatem aut. Minus magni dolorem nobis molestiae autem dicta amet. Repellat accusantium rerum eos molestiae.','2015-10-11 17:35:06'),(33,33,33,'Sed assumenda ut in est magni nobis excepturi. Excepturi voluptatem consequuntur perferendis eum fugiat voluptatem. Aliquam ut possimus sed et magnam. Nobis vel eligendi voluptas aperiam.','1995-09-11 07:46:02'),(34,34,34,'Ullam dolorem facilis sequi saepe laborum debitis quia. Sequi laborum quam reprehenderit dolores beatae a. Ipsam dolores architecto labore ipsum nihil cupiditate est blanditiis.','1988-12-04 00:20:55'),(35,35,35,'Quis a qui alias blanditiis natus fugiat laboriosam. Sunt beatae rerum perferendis illo. Cum quas et necessitatibus repellendus veniam esse in modi. Dolorum repellendus accusantium molestias enim vitae in labore.','1982-08-30 12:12:45'),(36,36,36,'Expedita autem sed ratione deleniti accusamus cumque. Natus at quam alias officia. Commodi ut amet velit ducimus.','2004-09-17 08:05:35'),(37,37,37,'Pariatur et ipsum dolorem non animi. Est amet ut provident aperiam velit porro. Magnam sint dolore hic cumque ex.','1983-09-16 13:27:44'),(38,38,38,'Repellendus voluptas voluptas sit molestiae occaecati culpa voluptate. Aliquam ut voluptate dolorum voluptas aut delectus dolores. Magnam praesentium consequuntur sint.','2003-04-10 22:11:07'),(39,39,39,'Repellendus voluptatem molestiae error est et in hic. Sit neque ipsum expedita magni ut exercitationem odio alias. Nihil iste eos quo.','2008-04-11 16:02:52'),(40,40,40,'Aspernatur architecto et aut optio. Vitae odit expedita minus alias. Ipsum consequuntur cum aut amet sint ut qui. Et dolor hic labore quas.','1976-12-15 06:56:45'),(41,41,41,'Cumque voluptatem qui ipsa praesentium aut cumque dolore officia. At esse id nihil doloribus. Qui hic quis iure nisi.','2006-06-24 23:36:47'),(42,42,42,'Ratione ipsum aut earum aut. Incidunt inventore laborum eum nulla dignissimos. Non est fuga beatae. Iste dolor ut ut vero quae.','2012-12-26 23:11:49'),(43,43,43,'Error veritatis temporibus velit ut similique. Ut harum aut nihil quas cupiditate nulla. Corporis non magni eligendi voluptate ut. Accusantium ipsum adipisci aspernatur.','1978-09-02 01:14:58'),(44,44,44,'Explicabo officia et hic molestiae ratione. Fuga enim totam cum expedita dolorem hic. Pariatur vel aut iusto. Repellendus aut est alias hic possimus. Ratione nemo aut dolor non quasi aspernatur.','1970-04-26 09:53:25'),(45,45,45,'Totam accusamus molestias ea sint at. Est in sapiente officiis quis eum. Amet corrupti quis ab. Autem odio qui accusamus non voluptas tempora qui.','1998-07-10 10:55:15'),(46,46,46,'Ut sunt repudiandae doloribus reprehenderit itaque voluptates. Dolorem sit at et.','1977-05-15 10:19:32'),(47,47,47,'Molestias dicta aperiam amet libero et quod aliquam. Reiciendis quasi praesentium impedit. Minus iste voluptatem accusamus.','1979-07-24 10:25:40'),(48,48,48,'Culpa doloribus sit facere enim ut alias mollitia sed. Quia ut asperiores eius. Repellat iure expedita dicta eum unde.','1975-11-27 10:53:36'),(49,49,49,'Totam debitis suscipit vel doloremque consequuntur. Similique voluptatem eos placeat aspernatur alias ducimus. Vero tenetur aliquam voluptate sequi consequuntur sequi eos. Cupiditate eius maiores modi rem suscipit soluta ut dolorem.','2009-08-25 00:41:40'),(50,50,50,'Voluptates vel incidunt ducimus dolores repudiandae rerum doloremque. Animi in dolores aut consequatur nam. Et magnam temporibus quaerat maxime.','2018-02-19 17:43:33'),(51,51,51,'Quasi qui nisi laudantium quia quaerat ipsa. Aut officiis non dignissimos eum nisi nihil voluptatum. Eligendi et perferendis iure voluptatem eum ullam laudantium.','1974-12-09 02:24:12'),(52,52,52,'Qui sit aut facere. Aut reprehenderit quae beatae autem voluptate. Fugiat aliquid quia iure qui.','2000-09-24 17:07:00'),(53,53,53,'Rem vel quaerat consequatur quia vitae laboriosam eos ex. Quo nisi molestiae deserunt reprehenderit dolor. Et a ut aperiam consequatur voluptatibus nostrum delectus. Sequi voluptate ut reiciendis nostrum dolorem. Laboriosam qui aspernatur quibusdam voluptatem.','1974-07-18 03:16:12'),(54,54,54,'Nam eum animi ratione voluptas id. Cum saepe fugiat consectetur debitis aut aperiam molestias. Velit voluptatem cumque et dolorem.','2002-09-11 00:17:31'),(55,55,55,'Ab nihil officiis quam. Voluptas non ea eos. Velit a a velit. Rerum ipsam et deleniti rerum atque commodi ut.','2013-12-20 19:35:02'),(56,56,56,'Libero autem dolores reprehenderit repudiandae possimus. Maiores eaque voluptas nulla consequatur repudiandae quia dolores. Et recusandae quia soluta in. Velit reiciendis atque dolorem fugiat accusamus.','1970-09-18 18:31:21'),(57,57,57,'Eaque sed alias sunt maiores. Laboriosam repellendus esse cum. Et expedita distinctio qui suscipit aut perspiciatis quam.','1981-11-27 15:03:21'),(58,58,58,'Incidunt repudiandae perspiciatis officia debitis suscipit. Doloremque provident accusamus ad fuga in ut facilis.','2004-04-25 21:33:30'),(59,59,59,'Et voluptas praesentium ipsam. Et voluptates vel cupiditate praesentium eligendi et quo asperiores. Iure consequatur sint et dolorem nulla possimus. Exercitationem id nihil fugiat voluptatem nesciunt et dolores.','1982-05-13 18:41:17'),(60,60,60,'Voluptatum modi nobis a et et. Tempora aliquam eaque repudiandae. Cumque iure odit eum ullam dolores.','1977-06-27 09:44:40'),(61,61,61,'Ipsa est velit fugit. Assumenda repellat quia necessitatibus laborum ducimus quam. Doloremque mollitia odio ab deserunt mollitia facere.','1979-07-17 08:53:52'),(62,62,62,'Qui rerum quibusdam fugiat distinctio voluptate. Velit aut quasi et temporibus dolorem tempore velit consectetur. Dignissimos minus consequuntur esse eius. Aut alias ipsa et voluptas aliquam aperiam sint.','1990-02-14 05:29:58'),(63,63,63,'Et at qui dolores autem non voluptates. Earum voluptatem et magnam ea aut voluptas. Voluptas aut saepe qui soluta.','1997-11-08 09:33:48'),(64,64,64,'Vel magnam qui explicabo aspernatur. Voluptatum tenetur minima ut suscipit fuga dolorum quos. Ipsum enim exercitationem iste. Dolorem possimus perferendis possimus.','1996-02-09 18:22:48'),(65,65,65,'Et aliquid necessitatibus non. Sed nihil ut necessitatibus atque qui aut dolor et. Consequatur et iusto omnis odio quaerat inventore. Atque est veniam aut accusamus et.','2000-01-24 18:46:29'),(66,66,66,'Mollitia distinctio vel maxime ducimus eaque. Ea itaque aliquid ut iure qui cupiditate fugit. Non nisi ut dolore debitis. Quos delectus tempora amet ipsum qui et consequatur.','2013-09-24 23:01:33'),(67,67,67,'Aut deserunt eum porro maiores et voluptatem vel. Non perspiciatis eaque vero reiciendis quam. Nesciunt neque ab recusandae ipsa quia non.','2003-11-27 21:46:14'),(68,68,68,'Libero eos eveniet voluptatum. Id blanditiis sapiente ex laboriosam ullam. Pariatur quia sed eos pariatur illo. Enim hic est eligendi ipsa.','2020-08-26 21:57:20'),(69,69,69,'Quisquam omnis quae voluptatem et aliquid eos et quod. Asperiores alias voluptatem voluptatibus soluta dolores soluta. Consequuntur et et eos dolore. Est nisi aut ut sunt. Error repellat id autem accusamus id molestiae molestiae.','1979-06-02 18:42:37'),(70,70,70,'Assumenda ab qui quae iure aut. Et aut aut consequatur facilis cum unde temporibus. Et officia omnis provident aut deleniti praesentium explicabo. Voluptas et quia pariatur temporibus.','1980-05-28 14:04:59'),(71,71,71,'Excepturi delectus nesciunt autem voluptatibus. Et officiis repellendus voluptatum perspiciatis ea debitis aut.','2002-01-18 15:08:42'),(72,72,72,'Occaecati molestiae modi velit doloribus corporis fugit. Nesciunt quos quos perspiciatis consectetur veritatis saepe debitis. Nobis ipsam occaecati inventore cumque qui.','2017-04-01 00:46:19'),(73,73,73,'Pariatur quis eum est aut nemo. Dolor fugit molestiae adipisci. Suscipit quas doloremque ratione provident et. Temporibus delectus itaque quia.','1992-07-15 14:32:27'),(74,74,74,'Molestiae et voluptas vel et. Provident itaque maxime error quibusdam quod. Possimus et repellendus ullam omnis.','1970-09-12 18:11:41'),(75,75,75,'Perferendis sint eos molestiae nostrum sed vero. Ea veniam accusamus vel dignissimos in consequatur animi ut. Cum praesentium quo in. Est nihil earum aut molestias.','1980-06-22 07:32:02'),(76,76,76,'Voluptatibus recusandae facilis voluptatum consectetur animi et. Voluptates ducimus tempora perferendis perferendis quia autem. Quod earum aut sunt eos doloremque et totam.','1991-04-06 08:43:53'),(77,77,77,'Ratione quaerat atque ut libero animi commodi necessitatibus. Assumenda excepturi magnam mollitia qui quia voluptate iure repudiandae. Beatae incidunt fuga rem. Iure deleniti doloribus sint temporibus hic ipsam tenetur.','1977-07-22 08:01:42'),(78,78,78,'Omnis voluptates iure at ratione et temporibus. Fuga suscipit consequatur quis saepe labore fuga veniam eos.','1983-07-04 09:00:02'),(79,79,79,'Voluptate voluptas adipisci est debitis soluta voluptatem qui. Labore omnis et et id quod est quo. Veritatis adipisci reiciendis numquam cupiditate voluptate.','2014-07-11 22:32:39'),(80,80,80,'Numquam expedita quidem ipsam aut quia. Optio aut esse expedita non. Et incidunt ab ea saepe officia sed.','1989-05-18 00:11:07'),(81,81,81,'Rerum illo sapiente facilis molestias. Quas distinctio rem laboriosam ea. Aspernatur tempore provident eaque veniam et. Eveniet voluptatum aliquam ut. Libero quis reiciendis fugit minus placeat qui accusantium.','2001-11-06 02:16:50'),(82,82,82,'Quod temporibus omnis cumque dolores quis ut. Corrupti impedit animi voluptas quasi non. Non sit dolore deserunt harum voluptatem.','1999-08-03 00:09:30'),(83,83,83,'Occaecati quam ut est molestiae. Nihil reprehenderit sit qui aut et nobis pariatur. Dolores laboriosam reprehenderit earum blanditiis rerum. Corporis eum recusandae quo voluptatum.','1981-03-09 18:33:03'),(84,84,84,'Aperiam sequi sunt rerum odio. Pariatur numquam qui officia voluptatem aut cumque ut. Placeat sit voluptatum magnam quisquam corrupti. Doloribus consequatur aliquam enim consequatur.','1980-07-06 18:45:42'),(85,85,85,'Voluptas quod quibusdam deleniti dolores nihil consequatur praesentium. Iste eum occaecati quia illo reprehenderit sunt rerum. Voluptates amet tempora voluptas cupiditate in.','2014-08-02 01:15:46'),(86,86,86,'Accusantium nesciunt possimus nostrum qui ratione nesciunt ab. Voluptas ipsa consequatur accusantium pariatur recusandae saepe deserunt.','1986-07-22 09:32:07'),(87,87,87,'Fugit minus aut dolores. Similique commodi praesentium numquam sunt. Tempore sunt doloremque assumenda eos.','1982-02-18 08:59:17'),(88,88,88,'Doloremque molestiae labore perferendis et. Beatae dolor ut vero quis enim. Iste aut incidunt omnis quasi praesentium distinctio animi et. Accusamus totam ratione ipsam.','2018-08-28 11:59:47'),(89,89,89,'Ducimus odio consequatur sed necessitatibus eos exercitationem maiores harum. Vel rem quo et quo. Vero ullam consectetur quis eos maxime ut.','1971-12-20 05:03:58'),(90,90,90,'Aspernatur expedita sint fugiat optio. Ipsa minima eligendi impedit nemo commodi molestiae totam. Qui nostrum qui et. Quaerat quo temporibus dolor et sint sint aut nostrum.','1975-01-09 09:51:23'),(91,91,91,'Deserunt labore voluptas sed numquam. Voluptas recusandae ut rerum earum nisi. Porro qui quasi perspiciatis sequi pariatur aut voluptate. Eligendi provident non esse perferendis officia ullam at optio.','2014-08-25 11:31:36'),(92,92,92,'Dignissimos eligendi odio repellat soluta. Voluptate quo placeat minima rerum provident sed nemo eum. Voluptatem iste totam repellat sed omnis non quia. Et facere veniam consequatur dolorem sit porro.','1970-10-06 11:37:33'),(93,93,93,'Repellat sit quidem fugiat aliquid voluptatem. Omnis aut sit maxime dolores ut voluptates nam est. Ea aut quo nisi aut qui a qui.','2019-12-02 16:36:09'),(94,94,94,'Qui ut nobis ipsum qui facilis. Totam saepe explicabo rerum nesciunt eum qui facilis consequuntur. Dolorum rerum dignissimos sint harum hic ut laborum. Ut ex repellat laborum aliquam quo ea nihil.','2009-07-29 01:33:39'),(95,95,95,'Corrupti laboriosam facilis qui ut aut assumenda. Doloremque ea repellendus non. Quas magnam officiis ipsa accusantium. Ab consequuntur est dolore velit placeat animi. Omnis laudantium dolores asperiores eos porro sequi.','1999-07-23 10:32:55'),(96,96,96,'Dolor id porro amet quos tempora consequatur rerum. Sit eius id sunt dicta necessitatibus.','1977-03-31 06:05:15'),(97,97,97,'Architecto explicabo ratione laborum ut et qui minus consequatur. Eveniet repudiandae pariatur assumenda. Maiores quis unde dolorem enim aut et. Et reprehenderit ea debitis aut velit dicta exercitationem. Tempore minus nam sunt voluptatem earum.','2016-12-15 00:12:39'),(98,98,98,'Itaque deserunt iure nesciunt aliquid ea. Consequatur est necessitatibus recusandae quae dicta. Et soluta animi commodi. Quasi tempora velit ut autem.','1992-05-14 06:57:16'),(99,99,99,'Ipsa reiciendis voluptates ut aut omnis odit minima. Autem qui saepe mollitia architecto dolorem doloribus suscipit. Atque qui nam porro voluptas et dolore.','2007-11-24 07:25:11'),(100,100,100,'Ad aut perferendis consectetur est dolores tenetur. Omnis autem eos commodi illo quia odit. Suscipit illo error exercitationem sed. Ex aut voluptas enim dolores dolore aliquid soluta.','2012-07-30 06:16:58');
/*!40000 ALTER TABLE `messages` ENABLE KEYS */;
UNLOCK TABLES;

--
-- Table structure for table `photo_albums`
--

DROP TABLE IF EXISTS `photo_albums`;
/*!40101 SET @saved_cs_client     = @@character_set_client */;
/*!40101 SET character_set_client = utf8 */;
CREATE TABLE `photo_albums` (
  `id` bigint(20) unsigned NOT NULL AUTO_INCREMENT,
  `name` varchar(255) COLLATE utf8mb4_unicode_ci DEFAULT NULL,
  `user_id` bigint(20) unsigned DEFAULT NULL,
  PRIMARY KEY (`id`),
  UNIQUE KEY `id` (`id`),
  KEY `user_id` (`user_id`),
  CONSTRAINT `photo_albums_ibfk_1` FOREIGN KEY (`user_id`) REFERENCES `users` (`id`) ON DELETE SET NULL ON UPDATE CASCADE
) ENGINE=InnoDB AUTO_INCREMENT=101 DEFAULT CHARSET=utf8mb4 COLLATE=utf8mb4_unicode_ci;
/*!40101 SET character_set_client = @saved_cs_client */;

--
-- Dumping data for table `photo_albums`
--

LOCK TABLES `photo_albums` WRITE;
/*!40000 ALTER TABLE `photo_albums` DISABLE KEYS */;
INSERT INTO `photo_albums` VALUES (1,'voluptatem',1),(2,'quasi',2),(3,'quidem',3),(4,'qui',4),(5,'voluptas',5),(6,'sunt',6),(7,'labore',7),(8,'consectetur',8),(9,'aut',9),(10,'quaerat',10),(11,'neque',11),(12,'quae',12),(13,'est',13),(14,'pariatur',14),(15,'consequatur',15),(16,'quia',16),(17,'nisi',17),(18,'ducimus',18),(19,'quas',19),(20,'est',20),(21,'omnis',21),(22,'in',22),(23,'laboriosam',23),(24,'exercitationem',24),(25,'autem',25),(26,'nostrum',26),(27,'ad',27),(28,'quia',28),(29,'eum',29),(30,'voluptatem',30),(31,'eligendi',31),(32,'officiis',32),(33,'et',33),(34,'quia',34),(35,'eos',35),(36,'aut',36),(37,'sed',37),(38,'autem',38),(39,'natus',39),(40,'sit',40),(41,'nisi',41),(42,'quos',42),(43,'quasi',43),(44,'sit',44),(45,'officia',45),(46,'dolorum',46),(47,'at',47),(48,'qui',48),(49,'cumque',49),(50,'voluptatem',50),(51,'numquam',51),(52,'ab',52),(53,'esse',53),(54,'aperiam',54),(55,'rerum',55),(56,'commodi',56),(57,'et',57),(58,'nihil',58),(59,'officia',59),(60,'sunt',60),(61,'sint',61),(62,'et',62),(63,'officia',63),(64,'vitae',64),(65,'laborum',65),(66,'voluptas',66),(67,'ratione',67),(68,'vel',68),(69,'nemo',69),(70,'quia',70),(71,'ut',71),(72,'enim',72),(73,'qui',73),(74,'repudiandae',74),(75,'reiciendis',75),(76,'nihil',76),(77,'ut',77),(78,'nemo',78),(79,'excepturi',79),(80,'excepturi',80),(81,'saepe',81),(82,'explicabo',82),(83,'quos',83),(84,'eum',84),(85,'dolore',85),(86,'est',86),(87,'nulla',87),(88,'nostrum',88),(89,'inventore',89),(90,'consequatur',90),(91,'voluptatem',91),(92,'ipsa',92),(93,'nostrum',93),(94,'vitae',94),(95,'est',95),(96,'nam',96),(97,'mollitia',97),(98,'dolores',98),(99,'velit',99),(100,'voluptatem',100);
/*!40000 ALTER TABLE `photo_albums` ENABLE KEYS */;
UNLOCK TABLES;

--
-- Table structure for table `photos`
--

DROP TABLE IF EXISTS `photos`;
/*!40101 SET @saved_cs_client     = @@character_set_client */;
/*!40101 SET character_set_client = utf8 */;
CREATE TABLE `photos` (
  `id` bigint(20) unsigned NOT NULL AUTO_INCREMENT,
  `album_id` bigint(20) unsigned NOT NULL,
  `media_id` bigint(20) unsigned NOT NULL,
  PRIMARY KEY (`id`),
  KEY `album_id` (`album_id`),
  KEY `media_id` (`media_id`),
  CONSTRAINT `photos_ibfk_1` FOREIGN KEY (`album_id`) REFERENCES `photo_albums` (`id`) ON DELETE CASCADE ON UPDATE CASCADE,
  CONSTRAINT `photos_ibfk_2` FOREIGN KEY (`media_id`) REFERENCES `media` (`id`) ON DELETE CASCADE ON UPDATE CASCADE
) ENGINE=InnoDB AUTO_INCREMENT=101 DEFAULT CHARSET=utf8mb4 COLLATE=utf8mb4_unicode_ci;
/*!40101 SET character_set_client = @saved_cs_client */;

--
-- Dumping data for table `photos`
--

LOCK TABLES `photos` WRITE;
/*!40000 ALTER TABLE `photos` DISABLE KEYS */;
INSERT INTO `photos` VALUES (1,1,1),(2,2,2),(3,3,3),(4,4,4),(5,5,5),(6,6,6),(7,7,7),(8,8,8),(9,9,9),(10,10,10),(11,11,11),(12,12,12),(13,13,13),(14,14,14),(15,15,15),(16,16,16),(17,17,17),(18,18,18),(19,19,19),(20,20,20),(21,21,21),(22,22,22),(23,23,23),(24,24,24),(25,25,25),(26,26,26),(27,27,27),(28,28,28),(29,29,29),(30,30,30),(31,31,31),(32,32,32),(33,33,33),(34,34,34),(35,35,35),(36,36,36),(37,37,37),(38,38,38),(39,39,39),(40,40,40),(41,41,41),(42,42,42),(43,43,43),(44,44,44),(45,45,45),(46,46,46),(47,47,47),(48,48,48),(49,49,49),(50,50,50),(51,51,51),(52,52,52),(53,53,53),(54,54,54),(55,55,55),(56,56,56),(57,57,57),(58,58,58),(59,59,59),(60,60,60),(61,61,61),(62,62,62),(63,63,63),(64,64,64),(65,65,65),(66,66,66),(67,67,67),(68,68,68),(69,69,69),(70,70,70),(71,71,71),(72,72,72),(73,73,73),(74,74,74),(75,75,75),(76,76,76),(77,77,77),(78,78,78),(79,79,79),(80,80,80),(81,81,81),(82,82,82),(83,83,83),(84,84,84),(85,85,85),(86,86,86),(87,87,87),(88,88,88),(89,89,89),(90,90,90),(91,91,91),(92,92,92),(93,93,93),(94,94,94),(95,95,95),(96,96,96),(97,97,97),(98,98,98),(99,99,99),(100,100,100);
/*!40000 ALTER TABLE `photos` ENABLE KEYS */;
UNLOCK TABLES;

--
-- Table structure for table `profiles`
--

DROP TABLE IF EXISTS `profiles`;
/*!40101 SET @saved_cs_client     = @@character_set_client */;
/*!40101 SET character_set_client = utf8 */;
CREATE TABLE `profiles` (
  `user_id` bigint(20) unsigned NOT NULL AUTO_INCREMENT,
  `gender` char(1) COLLATE utf8mb4_unicode_ci DEFAULT NULL,
  `birthday` date DEFAULT NULL,
  `photo_id` bigint(20) unsigned DEFAULT NULL,
  `created_at` datetime DEFAULT current_timestamp(),
  `hometown` varchar(100) COLLATE utf8mb4_unicode_ci DEFAULT NULL,
  PRIMARY KEY (`user_id`),
  KEY `fk_photo_id` (`photo_id`),
  CONSTRAINT `fk_photo_id` FOREIGN KEY (`photo_id`) REFERENCES `photos` (`id`) ON DELETE SET NULL ON UPDATE CASCADE,
  CONSTRAINT `fk_user_id` FOREIGN KEY (`user_id`) REFERENCES `users` (`id`) ON DELETE CASCADE ON UPDATE CASCADE
) ENGINE=InnoDB AUTO_INCREMENT=101 DEFAULT CHARSET=utf8mb4 COLLATE=utf8mb4_unicode_ci;
/*!40101 SET character_set_client = @saved_cs_client */;

--
-- Dumping data for table `profiles`
--

LOCK TABLES `profiles` WRITE;
/*!40000 ALTER TABLE `profiles` DISABLE KEYS */;
INSERT INTO `profiles` VALUES (1,'m','2016-04-27',1,'1981-04-06 06:07:37',NULL),(2,'m','2014-07-03',2,'2013-12-23 13:18:33',NULL),(3,'f','2018-12-04',3,'1997-01-01 20:57:38',NULL),(4,'m','1991-01-04',4,'1988-08-25 16:49:33',NULL),(5,'m','1979-12-21',5,'2015-05-27 12:47:03',NULL),(6,'f','2008-05-11',6,'2004-12-20 23:43:31',NULL),(7,'m','1971-04-09',7,'2021-02-19 11:33:08',NULL),(8,'m','1979-06-26',8,'1981-02-24 12:58:00',NULL),(9,'f','2015-04-03',9,'2007-06-07 00:58:24',NULL),(10,'m','2006-09-18',10,'1988-01-07 15:28:15',NULL),(11,'f','1977-01-15',11,'2013-06-27 20:43:49',NULL),(12,'m','2008-02-19',12,'1970-07-30 22:21:50',NULL),(13,'f','1976-03-15',13,'1985-05-19 17:47:34',NULL),(14,'f','1972-06-22',14,'2020-09-10 01:08:55',NULL),(15,'m','1984-11-19',15,'2008-04-18 04:32:24',NULL),(16,'m','1986-06-18',16,'1982-03-01 09:43:26',NULL),(17,'f','1998-11-18',17,'1974-02-02 02:49:46',NULL),(18,'f','2007-07-16',18,'2018-03-06 03:48:57',NULL),(19,'m','1993-10-28',19,'1991-07-14 19:50:44',NULL),(20,'m','1979-04-09',20,'1985-09-30 09:32:52',NULL),(21,'f','2015-01-22',21,'2009-02-20 19:28:53',NULL),(22,'f','1987-04-29',22,'1989-06-20 12:32:41',NULL),(23,'f','1979-04-29',23,'1982-08-28 10:50:10',NULL),(24,'m','1997-04-26',24,'1985-04-27 13:09:02',NULL),(25,'m','2015-09-10',25,'1981-01-29 17:18:40',NULL),(26,'m','1976-06-06',26,'1999-11-14 04:33:45',NULL),(27,'m','1984-02-04',27,'1983-10-09 07:45:22',NULL),(28,'m','2009-05-31',28,'1976-03-18 05:46:20',NULL),(29,'m','2014-05-10',29,'1972-04-20 22:57:12',NULL),(30,'f','1975-02-18',30,'2006-10-22 12:45:46',NULL),(31,'m','2007-01-19',31,'1985-04-18 13:24:28',NULL),(32,'m','1975-09-13',32,'1971-06-29 10:07:07',NULL),(33,'f','2019-07-08',33,'1987-10-27 22:28:00',NULL),(34,'f','1998-11-19',34,'1973-08-17 22:31:35',NULL),(35,'m','2007-12-10',35,'2004-05-04 21:32:54',NULL),(36,'m','1974-11-22',36,'1991-06-01 05:19:16',NULL),(37,'m','2013-06-14',37,'1974-09-11 06:32:46',NULL),(38,'m','1977-11-11',38,'1971-10-05 10:17:54',NULL),(39,'m','1993-08-27',39,'2006-07-23 22:00:56',NULL),(40,'f','2012-05-05',40,'2019-05-02 10:36:00',NULL),(41,'m','1997-01-27',41,'1990-08-19 07:54:43',NULL),(42,'f','1973-01-09',42,'1973-05-26 12:12:48',NULL),(43,'m','2018-10-10',43,'2011-03-26 09:01:58',NULL),(44,'m','1988-07-04',44,'2006-08-31 17:38:00',NULL),(45,'f','1987-04-06',45,'1989-03-03 12:07:38',NULL),(46,'m','1992-01-10',46,'2017-07-24 19:46:06',NULL),(47,'f','2007-03-07',47,'2005-05-18 11:14:40',NULL),(48,'f','2004-04-18',48,'2001-08-11 12:25:15',NULL),(49,'m','1999-08-29',49,'1978-01-19 15:18:12',NULL),(50,'m','1994-12-23',50,'1984-04-23 18:18:02',NULL),(51,'f','1991-05-21',51,'2020-12-05 22:19:13',NULL),(52,'f','1980-03-23',52,'2003-01-22 20:58:35',NULL),(53,'f','1979-03-14',53,'1978-12-02 23:04:14',NULL),(54,'f','2013-03-08',54,'2007-07-02 08:32:17',NULL),(55,'m','2006-01-02',55,'2020-04-20 06:25:48',NULL),(56,'m','2012-04-18',56,'2019-02-19 12:58:50',NULL),(57,'f','1999-10-03',57,'1983-05-21 17:40:59',NULL),(58,'f','2011-07-06',58,'1979-03-02 16:28:33',NULL),(59,'m','1998-04-30',59,'1973-10-01 17:27:38',NULL),(60,'m','1979-06-08',60,'1998-09-08 02:32:39',NULL),(61,'f','2020-10-02',61,'2021-02-04 17:24:49',NULL),(62,'m','1998-02-03',62,'1982-06-06 03:08:52',NULL),(63,'f','2020-10-23',63,'1990-05-26 11:24:40',NULL),(64,'f','2006-11-10',64,'1985-10-09 22:26:14',NULL),(65,'m','1981-11-07',65,'2002-12-28 00:38:51',NULL),(66,'f','2008-03-27',66,'1988-05-20 14:13:15',NULL),(67,'m','2015-03-29',67,'2012-02-09 13:19:55',NULL),(68,'m','1977-05-18',68,'2006-04-27 02:23:00',NULL),(69,'f','2020-05-25',69,'2014-11-09 22:27:28',NULL),(70,'f','1988-07-14',70,'2016-04-08 22:37:54',NULL),(71,'f','2007-11-22',71,'1984-05-10 07:23:05',NULL),(72,'m','1971-05-23',72,'1989-12-15 16:39:03',NULL),(73,'m','2001-11-06',73,'2013-12-16 09:51:57',NULL),(74,'m','2014-08-31',74,'1991-08-14 03:50:02',NULL),(75,'f','1972-01-24',75,'2008-11-21 17:17:22',NULL),(76,'m','1974-07-03',76,'2009-12-01 23:15:29',NULL),(77,'f','2013-12-03',77,'1994-02-17 21:01:44',NULL),(78,'m','2008-03-02',78,'1973-03-29 13:47:17',NULL),(79,'m','2017-09-21',79,'1991-04-12 20:08:08',NULL),(80,'f','1972-02-01',80,'1986-08-09 17:55:57',NULL),(81,'f','1993-11-29',81,'1984-08-24 15:49:08',NULL),(82,'m','1996-11-14',82,'2008-09-26 11:17:08',NULL),(83,'f','1974-04-17',83,'1977-05-02 10:25:02',NULL),(84,'m','1986-02-09',84,'2007-03-26 17:28:52',NULL),(85,'f','1982-05-29',85,'1979-07-31 10:19:04',NULL),(86,'f','1970-03-18',86,'2020-06-19 22:07:59',NULL),(87,'f','1978-04-29',87,'2010-10-07 11:12:43',NULL),(88,'f','2005-04-09',88,'1978-03-07 12:02:54',NULL),(89,'f','2012-11-28',89,'2019-03-25 00:46:48',NULL),(90,'m','1999-11-02',90,'2002-11-22 12:41:13',NULL),(91,'f','1971-05-05',91,'2010-03-31 04:34:06',NULL),(92,'m','2001-03-22',92,'1999-03-16 09:14:05',NULL),(93,'f','1983-04-10',93,'1998-08-10 06:50:52',NULL),(94,'m','1996-11-19',94,'2007-02-22 09:38:59',NULL),(95,'m','1995-04-24',95,'1988-08-04 13:25:04',NULL),(96,'f','2013-01-05',96,'2011-11-09 18:16:07',NULL),(97,'f','1975-12-03',97,'1996-03-18 13:58:26',NULL),(98,'f','2007-09-09',98,'2007-09-26 19:08:24',NULL),(99,'f','2014-07-31',99,'1971-04-07 19:28:52',NULL),(100,'f','1998-02-21',100,'1983-05-13 10:36:20',NULL);
/*!40000 ALTER TABLE `profiles` ENABLE KEYS */;
UNLOCK TABLES;

--
-- Table structure for table `users`
--

DROP TABLE IF EXISTS `users`;
/*!40101 SET @saved_cs_client     = @@character_set_client */;
/*!40101 SET character_set_client = utf8 */;
CREATE TABLE `users` (
  `id` bigint(20) unsigned NOT NULL AUTO_INCREMENT,
  `firstname` varchar(100) COLLATE utf8mb4_unicode_ci DEFAULT NULL,
  `lastname` varchar(100) COLLATE utf8mb4_unicode_ci DEFAULT NULL COMMENT '',
  `email` varchar(100) COLLATE utf8mb4_unicode_ci DEFAULT NULL,
  `password_hash` varchar(100) COLLATE utf8mb4_unicode_ci DEFAULT NULL,
  `phone` bigint(20) DEFAULT NULL,
  `is_deleted` bit(1) DEFAULT b'0',
  PRIMARY KEY (`id`),
  UNIQUE KEY `email` (`email`),
  KEY `users_firstname_lastname_idx` (`firstname`,`lastname`)
) ENGINE=InnoDB AUTO_INCREMENT=101 DEFAULT CHARSET=utf8mb4 COLLATE=utf8mb4_unicode_ci;
/*!40101 SET character_set_client = @saved_cs_client */;

--
-- Dumping data for table `users`
--

LOCK TABLES `users` WRITE;
/*!40000 ALTER TABLE `users` DISABLE KEYS */;
INSERT INTO `users` VALUES (1,'Serena','Goldner','miller.wilfrid@example.com','c18549bd3cad9310c4c001f64b7a9f8215a34dd0',9933791200,''),(2,'Shanie','Kemmer','wilkinson.reed@example.com','9b2dda4285be8e22e0bf2d1c7498a6179d23cb68',9420068738,''),(3,'Danika','Leannon','pinkie.hagenes@example.net','e47f5e538409aa830ddab8bed34d4aa283ec232f',9722255664,'\0'),(4,'Caitlyn','Kshlerin','hbatz@example.org','fe58c420968104c22646449fce24f86ee694c273',9985769768,''),(5,'Rae','Kris','jaylon.huel@example.org','c493a23f5ecefc19e173ac1f679f76d6bd56eb62',9261437890,'\0'),(6,'Leann','Feest','streich.gustave@example.org','b06b4611fdae476bfa02d740106384825914f662',9847018566,''),(7,'Wilhelm','Zulauf','cara47@example.net','764374c6fcaeeff9840f61b49dc8426618555c87',9376746882,'\0'),(8,'Linnie','Kessler','johnston.titus@example.com','1c919bb3953ae3f22dda1e27e85c655f94ffec61',9088487254,'\0'),(9,'Lavinia','Green','fatima07@example.org','70293000982595c945edcb58acf225126c6b0cff',9021600758,'\0'),(10,'Melissa','McLaughlin','yasmine.willms@example.net','e577c4f0c8fb9b98b8a01b8eda45cc41a520ba07',9094947604,'\0'),(11,'Tianna','Huels','chloe.grady@example.org','2dbbfc72bed713071111697f15bfa7df4d42cb25',9110205606,''),(12,'Flossie','Jacobs','bhahn@example.org','f2442297b659b13045b6183169c0c0961afe9263',9156744931,'\0'),(13,'Nona','Cartwright','carroll.sally@example.org','34faab2f9ab34d10df083f001e453250416822ca',9471522754,'\0'),(14,'Luther','Boyer','gayle29@example.org','ecbe3f52d298fc24a1023e539be961e47a4f0df1',9853016688,'\0'),(15,'Lavina','Herzog','geo46@example.net','4a063c2f223783d5e5d46ad6f67f2fa7bd014b8d',9882991632,''),(16,'Nichole','Mosciski','wblanda@example.com','87152c91de82ac0d9485c08ac8972eb58c7740ac',9228521755,''),(17,'Dave','Jast','gayle36@example.net','56818773190b93ccfc758d53900a3b9d31fccb26',9813081378,'\0'),(18,'Sylvester','Mayer','deborah.labadie@example.com','ca035a4f613946e8f3eb760fb4cf422e4787c65d',9997866749,''),(19,'Lula','Kozey','hackett.roma@example.com','3a544b05104d23cba16879bd762354abc8180106',9088173359,''),(20,'Keely','King','okuneva.frederic@example.net','afbb384c6fd063bfba754ee97b2f459fa22e3f68',9899622431,''),(21,'Elody','Kulas','gisselle28@example.org','141dd9cdc2924f988e05c5afff693651b9c92564',9884132828,'\0'),(22,'Rene','Mills','aliza.becker@example.org','0a0c8b322175a3ffcf41235d012fe631c39b99d1',9305269915,''),(23,'Lenny','Altenwerth','penelope71@example.org','30105cbacceede5e55e3f19713ef4ef565d54810',9872370543,'\0'),(24,'Grayson','Jakubowski','evert.kulas@example.net','166e216cbd6028b1847e8c745a6fb93137674483',9105712734,'\0'),(25,'Demarcus','Wisozk','eli.wyman@example.net','3a1f0b1aa1af7a3e8f36c4df5cd7d511a012592a',9849468824,''),(26,'Orin','Gutkowski','bo.dietrich@example.org','dcc3a8427624e31e01a5e09f6131ee7c2d81f52f',9993511854,'\0'),(27,'Teagan','Roberts','von.danyka@example.org','9ac8a2f9bece6936f400fb1121248c178825efbf',9300556529,''),(28,'Adan','Cole','domenick93@example.com','bc3ee1845b28fddf59017b20747f5a6f4b1ab596',9421956890,''),(29,'Madelyn','Ferry','mauricio54@example.net','fecf71df06cc9dd1f66c8c23067078195d0fc99c',9508801292,''),(30,'Rick','Konopelski','gay.kohler@example.net','5aedf1d8e59c85cffd1e33d61368248f3a8346df',9572387877,'\0'),(31,'Beryl','Trantow','rolfson.webster@example.net','1f781a04ebb79978c4282f2f1ed0fd62f2ceafc1',9436081398,'\0'),(32,'Hailey','Glover','will.sammie@example.com','5b788d778cf2b3acd52174d879f45ddb0bbe86da',9931962551,''),(33,'Abdiel','Rice','sean05@example.net','21fbeba3b94a0441009018c02073a1d0222a7c49',9577687943,'\0'),(34,'Patience','Schamberger','fstamm@example.net','14c833cdba0b87e3c790c6fd96979f408a679d98',9179993137,''),(35,'Marcelo','Runolfsdottir','luettgen.hiram@example.org','9ff76b94b4487bfcbe896933e80b2aadec3843ee',9385246634,'\0'),(36,'Gunnar','Roob','xthiel@example.net','f1d993be2549235c830527d061763ea502fe744f',9554606700,'\0'),(37,'Amie','Fisher','orpha.renner@example.org','dd887ad4bd848b40294d5b6b9a61ca30285a77b1',9396091182,'\0'),(38,'Imani','McCullough','bmante@example.org','4644bcfc5afde61ba1f6921a392d26ab91a3434e',9054024642,'\0'),(39,'Megane','Haag','lavern58@example.com','bd61d6a4046726cdc3d9aba2e6de658b633359e7',9082172985,''),(40,'Ivy','Keebler','austyn.braun@example.com','7bdb5f9b49cb193ce5520a960e6ac40fac819d1c',9465659580,'\0'),(41,'Holly','Orn','oskiles@example.com','4bf1e589f39b63afcb99e4d3391f50b116c3c7e2',9095499230,''),(42,'Bulah','Leuschke','vesta.kuhic@example.org','217e3d7aec704f206770c92c954300c633fc5877',9925578037,'\0'),(43,'Maci','Weber','clinton.romaguera@example.net','1ede566e6c6be74c7cf0eea69afed584952670f5',9687866651,''),(44,'Leonie','Jakubowski','jameson71@example.org','4c308da0aa7e1d2b6ec3e52d50a35ead94f90e19',9485947258,''),(45,'Christop','Schmidt','petra67@example.org','9f257a4f28ae4779843942885e43f50cfb064da1',9572320009,'\0'),(46,'Addison','Mann','drath@example.org','bd2b43d709802a8c00eac6ee2aa6adc4bfece092',9962578017,'\0'),(47,'Eula','Streich','waters.jana@example.org','172e1c999ae8022c9de734ffa788830e0a015074',9351770964,'\0'),(48,'Joey','Wolf','ekulas@example.org','995e0180a878e1b173fc06c79458d1b9c8a263f4',9332499886,''),(49,'Judson','Mueller','quentin29@example.com','e9161348ba0b887eaafc121c04bc8659a2285252',9208816199,''),(50,'Christian','Kuvalis','tpfeffer@example.org','7365a6931a3dba8f9b47587cc34dcb03b19ba4fb',9197310411,''),(51,'Josefina','Dare','fsmitham@example.com','47a02fe12d0c64a2396b6856598cf0b8b1f37b1b',9656304058,''),(52,'Hanna','Metz','green.gregorio@example.net','13b5130f6b8c0abe07b0b3a6a5b15c1225795589',9519964351,''),(53,'Oceane','Bechtelar','delaney44@example.com','e608dd3d61d7750c886692c0cb683630f7a1a372',9169060226,'\0'),(54,'Eric','Reinger','jcassin@example.net','5892b85b2623ded8a83e0927837f7b3d358d8bcb',9383705827,'\0'),(55,'Randy','VonRueden','eprohaska@example.net','4798b96a4c03c106a0668eb85a78469f0ea2be32',9739369073,'\0'),(56,'Kaya','Reynolds','keira43@example.com','c1afefc7cbda6c1f2e7d8d80033850655c14852b',9697714587,'\0'),(57,'Brando','Mayert','horacio.raynor@example.com','7cd6c65e662f029652d5f2ce5d4c8ffe0c73e424',9333934223,''),(58,'Colten','Blanda','izaiah73@example.net','3b32e29ba8c91b301f05ad5bde2845d968a0130c',9935316514,''),(59,'Wilhelmine','Hartmann','hosea64@example.org','9794a6d1d049f59e52655630eec16d0a019a8c2a',9537820797,''),(60,'Raphael','Parker','jeffry84@example.org','8092f626d77b7e281ad12f8806231397d4a84316',9983781043,''),(61,'Jamil','Schultz','queen62@example.net','74f00f2c54daaca0dbaadce7433cdd21c1e83de2',9152226130,'\0'),(62,'Colton','Williamson','elouise.anderson@example.com','b53d52599504fac5bc0b3dab609d838db35e675a',9133415957,'\0'),(63,'Katrina','Harvey','vabshire@example.org','6e5a47f780b5173cecec5109b2a7de6831bb623a',9163103071,'\0'),(64,'Dandre','Yost','shanie.toy@example.com','945c2d7259182cac3094732fd78e81a930023cf1',9700312956,''),(65,'Maximillian','Deckow','reynolds.caesar@example.org','42705f5a80396e227fdb5f6609eda0c0d73e4118',9159877230,''),(66,'Eino','Satterfield','isabel72@example.net','a605700e4b4ba508cf82c55b6e9e2f77f23dfac1',9028685156,''),(67,'Bradly','Blanda','lbeatty@example.org','0c4da8555226ee46fa620be6fcfad622f2ec47fc',9348507724,'\0'),(68,'Micheal','Anderson','jaron75@example.com','3340c86a5795b8d8dbf89680d04d70d676f0da26',9780817854,'\0'),(69,'Elliot','Walker','hstracke@example.net','b352d52f219f8cb7e36e33f9757c238820dca29b',9988401466,'\0'),(70,'Alba','Howell','dorothy.hegmann@example.com','d3e498ad165b5715631aa2dee312c6a28a9caccf',9722503004,''),(71,'Casandra','Grady','shakira52@example.org','3db27d6f825593de222cfeae3f94ebb1898b199c',9637599209,''),(72,'Millie','Ferry','hintz.scot@example.com','dceff0bbaba63b2d23021ca255946bcdcb018320',9056963069,''),(73,'Ryleigh','Jacobi','jaiden.witting@example.net','c38c060d680b2846628ce70cf0b6ddb8155649bd',9169652007,''),(74,'Melyssa','Block','sconnelly@example.net','0be6e51bec2cd712ef84c9bb4f7ed8ca9217564d',9997454049,'\0'),(75,'Mustafa','Kozey','sgreenfelder@example.net','6dbb64a7252f957136548981897a36c88d03bc39',9029634962,'\0'),(76,'Elody','Raynor','leuschke.leland@example.net','0acf8b8b03a0b356548d79d20b59bcf1a88a18f7',9036130589,''),(77,'Travon','Koss','goyette.joseph@example.net','fdc92ac4513f9a0b7a1ca5d074d29ce1f3d2b459',9991963659,'\0'),(78,'Mossie','Wolf','pquitzon@example.com','e5fbdd54a3b17850d6d0321288fb467d420c7e9d',9341548636,''),(79,'Ali','Mosciski','dejon.wehner@example.com','b7695f59ec9fa16a3f51492a9eef0efb8e03fbbb',9135505544,''),(80,'Telly','Borer','cole.abernathy@example.com','ba3b520e7a3740fcd7e17fb0a1465d672850be4f',9387907781,'\0'),(81,'Jeanette','Wilderman','cloyd.hickle@example.com','c506e0f8f146ceebe221350badc39a296af65241',9691300654,'\0'),(82,'Lance','Krajcik','davion59@example.net','3a19190f25167daf35618fc0a2514ab45bb66126',9867131720,''),(83,'Julien','Veum','gabrielle.deckow@example.net','1ccbb79d793019643a7fe45f7856f4c6e6dc5c9f',9483563737,'\0'),(84,'Vida','Satterfield','uromaguera@example.net','ff543d2f95d980b9cf97caa961aaa21f6dc62021',9470405643,''),(85,'Barrett','Maggio','carmen.botsford@example.org','c73e863e41178bb229dbe70323d697b195e71f04',9981998992,''),(86,'Elvie','Will','eleonore59@example.org','36f79a22a2d90aee9bfee26f443b70da07a7a8d8',9060361046,''),(87,'August','Gibson','marisol17@example.com','03e927baf4d7eae48fa849679e28e125989537aa',9895046947,''),(88,'Marco','Orn','bvonrueden@example.net','d5a81c5363025c3a2a13649cb29d709f0733cfa1',9475241729,'\0'),(89,'Delmer','Will','lauren.grady@example.com','a04191d6c5b7b3325ee57c6bc17c067dd2a9b481',9066178877,'\0'),(90,'Devan','Stoltenberg','madonna.considine@example.com','ff5d23acfd69fa7eca5f69493cb355747a5055b1',9186124339,'\0'),(91,'Fredrick','Breitenberg','htorp@example.org','55e1c16121848b7d6279f8001ad04357f4e5e292',9684941726,''),(92,'Jackson','Stamm','mosciski.brook@example.net','5f8fe9e2216a7c79b6b23986dadba693cfbdb460',9150294759,'\0'),(93,'Tremaine','Auer','mayer.braeden@example.net','0c7bdd3314bcc20483057ba77f8badfd786b23e5',9423201595,''),(94,'Wilbert','Cassin','palma.williamson@example.com','412fcdaefce43a29bd2304a5933e111cc0359626',9223736091,'\0'),(95,'Karli','Schultz','lyda.stoltenberg@example.com','b1394277c893872860a6b817a9569404feea8408',9453158404,'\0'),(96,'Travon','Armstrong','destini66@example.net','ecc909bc8391549103d7dbf4006ab8d60b9b43b5',9657599401,''),(97,'Cletus','Pacocha','victor.hudson@example.net','56e632fb75ba39b3faa34b93d41036adf9a49299',9336413726,'\0'),(98,'Stanley','Bernhard','samara59@example.net','3016aa09e3defd1e1664f6c40e81ff8f10087c08',9275161156,'\0'),(99,'Jailyn','Schroeder','reichel.jade@example.org','da1884c5306b39422649503798290d914fe56d93',9014127946,'\0'),(100,'Karina','Schneider','tyrese.cremin@example.com','2678ffb176745ad6ec654becc331f18d28d160dc',9980596072,'');
/*!40000 ALTER TABLE `users` ENABLE KEYS */;
UNLOCK TABLES;

--
-- Table structure for table `users_communities`
--

DROP TABLE IF EXISTS `users_communities`;
/*!40101 SET @saved_cs_client     = @@character_set_client */;
/*!40101 SET character_set_client = utf8 */;
CREATE TABLE `users_communities` (
  `user_id` bigint(20) unsigned NOT NULL,
  `community_id` bigint(20) unsigned NOT NULL,
  PRIMARY KEY (`user_id`,`community_id`),
  KEY `community_id` (`community_id`),
  CONSTRAINT `users_communities_ibfk_1` FOREIGN KEY (`user_id`) REFERENCES `users` (`id`) ON DELETE CASCADE ON UPDATE CASCADE,
  CONSTRAINT `users_communities_ibfk_2` FOREIGN KEY (`community_id`) REFERENCES `communities` (`id`) ON DELETE CASCADE ON UPDATE CASCADE
) ENGINE=InnoDB DEFAULT CHARSET=utf8mb4 COLLATE=utf8mb4_unicode_ci;
/*!40101 SET character_set_client = @saved_cs_client */;

--
-- Dumping data for table `users_communities`
--

LOCK TABLES `users_communities` WRITE;
/*!40000 ALTER TABLE `users_communities` DISABLE KEYS */;
INSERT INTO `users_communities` VALUES (1,1),(2,2),(3,3),(4,4),(5,5),(6,6),(7,7),(8,8),(9,9),(10,10),(11,11),(12,12),(13,13),(14,14),(15,15),(16,16),(17,17),(18,18),(19,19),(20,20),(21,21),(22,22),(23,23),(24,24),(25,25),(26,26),(27,27),(28,28),(29,29),(30,30),(31,31),(32,32),(33,33),(34,34),(35,35),(36,36),(37,37),(38,38),(39,39),(40,40),(41,41),(42,42),(43,43),(44,44),(45,45),(46,46),(47,47),(48,48),(49,49),(50,50),(51,51),(52,52),(53,53),(54,54),(55,55),(56,56),(57,57),(58,58),(59,59),(60,60),(61,61),(62,62),(63,63),(64,64),(65,65),(66,66),(67,67),(68,68),(69,69),(70,70),(71,71),(72,72),(73,73),(74,74),(75,75),(76,76),(77,77),(78,78),(79,79),(80,80),(81,81),(82,82),(83,83),(84,84),(85,85),(86,86),(87,87),(88,88),(89,89),(90,90),(91,91),(92,92),(93,93),(94,94),(95,95),(96,96),(97,97),(98,98),(99,99),(100,100);
/*!40000 ALTER TABLE `users_communities` ENABLE KEYS */;
UNLOCK TABLES;
/*!40103 SET TIME_ZONE=@OLD_TIME_ZONE */;

/*!40101 SET SQL_MODE=@OLD_SQL_MODE */;
/*!40014 SET FOREIGN_KEY_CHECKS=@OLD_FOREIGN_KEY_CHECKS */;
/*!40014 SET UNIQUE_CHECKS=@OLD_UNIQUE_CHECKS */;
/*!40101 SET CHARACTER_SET_CLIENT=@OLD_CHARACTER_SET_CLIENT */;
/*!40101 SET CHARACTER_SET_RESULTS=@OLD_CHARACTER_SET_RESULTS */;
/*!40101 SET COLLATION_CONNECTION=@OLD_COLLATION_CONNECTION */;
/*!40111 SET SQL_NOTES=@OLD_SQL_NOTES */;

-- Dump completed on 2021-08-17  7:51:11
